year,level_1,level_2,level_3,value
2015,Total,Ang Mo Kio- Total,Ang Mo Kio Town Centre,5020
2015,Total,Ang Mo Kio- Total,Cheng San,29770
2015,Total,Ang Mo Kio- Total,Chong Boon,27900
2015,Total,Ang Mo Kio- Total,Kebun Bahru,23910
2015,Total,Ang Mo Kio- Total,Sembawang Hills,6890
2015,Total,Ang Mo Kio- Total,Shangri-La,18510
2015,Total,Ang Mo Kio- Total,Tagore,8350
2015,Total,Ang Mo Kio- Total,Townsville,23770
2015,Total,Ang Mo Kio- Total,Yio Chu Kang,30
2015,Total,Ang Mo Kio- Total,Yio Chu Kang East,4080
2015,Total,Ang Mo Kio- Total,Yio Chu Kang West,26550
2015,Total,Bedok- Total,Bayshore,7480
2015,Total,Bedok- Total,Bedok North,85930
2015,Total,Bedok- Total,Bedok Reservoir,25400
2015,Total,Bedok- Total,Bedok South,51190
2015,Total,Bedok- Total,Frankel,33570
2015,Total,Bedok- Total,Kaki Bukit,40820
2015,Total,Bedok- Total,Kembangan,38440
2015,Total,Bedok- Total,Siglap,6930
2015,Total,Bishan- Total,Bishan East,28820
2015,Total,Bishan- Total,Marymount,31540
2015,Total,Bishan- Total,Upper Thomson,30340
2015,Total,Boon Lay- Total,Liu Fang,10
2015,Total,Boon Lay- Total,Samulun,10
2015,Total,Boon Lay- Total,Tukang,10
2015,Total,Bukit Batok- Total,Bukit Batok Central,26060
2015,Total,Bukit Batok- Total,Bukit Batok East,14570
2015,Total,Bukit Batok- Total,Bukit Batok South,13940
2015,Total,Bukit Batok- Total,Bukit Batok West,15190
2015,Total,Bukit Batok- Total,Gombak,9820
2015,Total,Bukit Batok- Total,Guilin,13130
2015,Total,Bukit Batok- Total,Hillview,18220
2015,Total,Bukit Batok- Total,Hong Kah North,28340
2015,Total,Bukit Merah- Total,Alexandra Hill,15650
2015,Total,Bukit Merah- Total,Alexandra North,1000
2015,Total,Bukit Merah- Total,Bukit Ho Swee,16290
2015,Total,Bukit Merah- Total,Bukit Merah,1190
2015,Total,Bukit Merah- Total,City Terminals,40
2015,Total,Bukit Merah- Total,Depot Road,5200
2015,Total,Bukit Merah- Total,Everton Park,9010
2015,Total,Bukit Merah- Total,Henderson Hill,12870
2015,Total,Bukit Merah- Total,Kampong Tiong Bahru,10460
2015,Total,Bukit Merah- Total,Maritime Square,2560
2015,Total,Bukit Merah- Total,Redhill,12210
2015,Total,Bukit Merah- Total,Singapore General Hospital,10
2015,Total,Bukit Merah- Total,Telok Blangah Drive,16000
2015,Total,Bukit Merah- Total,Telok Blangah Rise,13820
2015,Total,Bukit Merah- Total,Telok Blangah Way,10690
2015,Total,Bukit Merah- Total,Tiong Bahru,12190
2015,Total,Bukit Merah- Total,Tiong Bahru Station,16670
2015,Total,Bukit Panjang- Total,Bangkit,23800
2015,Total,Bukit Panjang- Total,Dairy Farm,5390
2015,Total,Bukit Panjang- Total,Fajar,26770
2015,Total,Bukit Panjang- Total,Jelebu,33470
2015,Total,Bukit Panjang- Total,Nature Reserve,3870
2015,Total,Bukit Panjang- Total,Saujana,25530
2015,Total,Bukit Panjang- Total,Senja,20200
2015,Total,Bukit Timah- Total,Anak Bukit,21990
2015,Total,Bukit Timah- Total,Coronation Road,6170
2015,Total,Bukit Timah- Total,Farrer Court,4680
2015,Total,Bukit Timah- Total,Hillcrest,8810
2015,Total,Bukit Timah- Total,Holland Road,10280
2015,Total,Bukit Timah- Total,Leedon Park,6260
2015,Total,Bukit Timah- Total,Swiss Club,5550
2015,Total,Bukit Timah- Total,Ulu Pandan,10730
2015,Total,Central Water Catchment- Total,Central Water Catchment,10
2015,Total,Changi- Total,Changi Point,790
2015,Total,Changi- Total,Changi West,1740
2015,Total,Choa Chu Kang- Total,Choa Chu Kang Central,21400
2015,Total,Choa Chu Kang- Total,Choa Chu Kang North,34380
2015,Total,Choa Chu Kang- Total,Keat Hong,15660
2015,Total,Choa Chu Kang- Total,Peng Siang,32130
2015,Total,Choa Chu Kang- Total,Teck Whye,27040
2015,Total,Choa Chu Kang- Total,Yew Tee,43710
2015,Total,Clementi- Total,Clementi Central,13490
2015,Total,Clementi- Total,Clementi North,28730
2015,Total,Clementi- Total,Clementi West,16470
2015,Total,Clementi- Total,Clementi Woods,16400
2015,Total,Clementi- Total,Faber,4320
2015,Total,Clementi- Total,Pandan,10
2015,Total,Clementi- Total,Sunset Way,6290
2015,Total,Clementi- Total,Toh Tuck,40
2015,Total,Clementi- Total,West Coast,5890
2015,Total,Downtown Core- Total,Anson,80
2015,Total,Downtown Core- Total,Bugis,2330
2015,Total,Downtown Core- Total,Cecil,160
2015,Total,Downtown Core- Total,Central Subzone,480
2015,Total,Downtown Core- Total,City Hall,60
2015,Total,Downtown Core- Total,Marina Centre,20
2015,Total,Downtown Core- Total,Raffles Place,60
2015,Total,Downtown Core- Total,Tanjong Pagar,520
2015,Total,Geylang- Total,Aljunied,41710
2015,Total,Geylang- Total,Geylang East,33380
2015,Total,Geylang- Total,Kallang Way,40
2015,Total,Geylang- Total,Kampong Ubi,13210
2015,Total,Geylang- Total,Macpherson,28630
2015,Total,Hougang- Total,Defu Industrial Park,20
2015,Total,Hougang- Total,Hougang Central,4830
2015,Total,Hougang- Total,Hougang East,21940
2015,Total,Hougang- Total,Hougang West,50120
2015,Total,Hougang- Total,Kangkar,26080
2015,Total,Hougang- Total,Kovan,25640
2015,Total,Hougang- Total,Lorong Ah Soo,34180
2015,Total,Hougang- Total,Tai Seng,14700
2015,Total,Hougang- Total,Trafalgar,44800
2015,Total,Jurong East- Total,International Business Park,10
2015,Total,Jurong East- Total,Jurong Gateway,20
2015,Total,Jurong East- Total,Jurong Port,10
2015,Total,Jurong East- Total,Jurong River,10
2015,Total,Jurong East- Total,Lakeside,1010
2015,Total,Jurong East- Total,Penjuru Crescent,10
2015,Total,Jurong East- Total,Teban Gardens,19080
2015,Total,Jurong East- Total,Toh Guan,16510
2015,Total,Jurong East- Total,Yuhua East,27460
2015,Total,Jurong East- Total,Yuhua West,20870
2015,Total,Jurong West- Total,Boon Lay Place,31100
2015,Total,Jurong West- Total,Hong Kah,56870
2015,Total,Jurong West- Total,Jurong West Central,68200
2015,Total,Jurong West- Total,Kian Teck,50
2015,Total,Jurong West- Total,Taman Jurong,36940
2015,Total,Jurong West- Total,Wenya,8610
2015,Total,Jurong West- Total,Yunnan,70890
2015,Total,Kallang- Total,Bendemeer,33830
2015,Total,Kallang- Total,Boon Keng,10970
2015,Total,Kallang- Total,Crawford,9740
2015,Total,Kallang- Total,Geylang Bahru,12870
2015,Total,Kallang- Total,Kallang Bahru,30
2015,Total,Kallang- Total,Kampong Bugis,890
2015,Total,Kallang- Total,Kampong Java,11260
2015,Total,Kallang- Total,Lavender,10320
2015,Total,Kallang- Total,Tanjong Rhu,11310
2015,Total,Lim Chu Kang- Total,Lim Chu Kang,90
2015,Total,Mandai- Total,Mandai Estate,2120
2015,Total,Marine Parade- Total,Katong,9620
2015,Total,Marine Parade- Total,Marine Parade,28910
2015,Total,Marine Parade- Total,Mountbatten,10210
2015,Total,Museum- Total,Bras Basah,10
2015,Total,Museum- Total,Dhoby Ghaut,210
2015,Total,Museum- Total,Fort Canning,160
2015,Total,Newton- Total,Cairnhill,3330
2015,Total,Newton- Total,Goodwood Park,910
2015,Total,Newton- Total,Istana Negara,40
2015,Total,Newton- Total,Monk's Hill,980
2015,Total,Newton- Total,Newton Circus,230
2015,Total,Newton- Total,Orange Grove,1440
2015,Total,North-Eastern Islands- Total,North-Eastern Islands,60
2015,Total,Novena- Total,Balestier,32340
2015,Total,Novena- Total,Dunearn,3900
2015,Total,Novena- Total,Malcolm,2630
2015,Total,Novena- Total,Moulmein,8470
2015,Total,Novena- Total,Mount Pleasant,650
2015,Total,Orchard- Total,Boulevard,400
2015,Total,Orchard- Total,Somerset,130
2015,Total,Orchard- Total,Tanglin,390
2015,Total,Outram- Total,China Square,1590
2015,Total,Outram- Total,Chinatown,11880
2015,Total,Outram- Total,Pearl's Hill,8230
2015,Total,Outram- Total,People's Park,390
2015,Total,Pasir Ris- Total,Flora Drive,12950
2015,Total,Pasir Ris- Total,Loyang East,2190
2015,Total,Pasir Ris- Total,Loyang West,200
2015,Total,Pasir Ris- Total,Pasir Ris Central,25730
2015,Total,Pasir Ris- Total,Pasir Ris Drive,59480
2015,Total,Pasir Ris- Total,Pasir Ris Park,2980
2015,Total,Pasir Ris- Total,Pasir Ris Wafer Fab Park,20
2015,Total,Pasir Ris- Total,Pasir Ris West,36330
2015,Total,Paya Lebar- Total,Paya Lebar East,10
2015,Total,Paya Lebar- Total,Paya Lebar North,20
2015,Total,Pioneer- Total,Gul Basin,20
2015,Total,Pioneer- Total,Gul Circle,30
2015,Total,Pioneer- Total,Joo Koon,40
2015,Total,Punggol- Total,Matilda,30440
2015,Total,Punggol- Total,Northshore,280
2015,Total,Punggol- Total,Punggol Field,43300
2015,Total,Punggol- Total,Punggol Town Centre,7390
2015,Total,Punggol- Total,Waterway East,28340
2015,Total,Queenstown- Total,Commonwealth,8130
2015,Total,Queenstown- Total,Dover,13200
2015,Total,Queenstown- Total,Ghim Moh,11900
2015,Total,Queenstown- Total,Holland Drive,14230
2015,Total,Queenstown- Total,Kent Ridge,1080
2015,Total,Queenstown- Total,Margaret Drive,10520
2015,Total,Queenstown- Total,Mei Chin,16750
2015,Total,Queenstown- Total,National University of S'pore,360
2015,Total,Queenstown- Total,One North,620
2015,Total,Queenstown- Total,Pasir Panjang 1,4010
2015,Total,Queenstown- Total,Pasir Panjang 2,3520
2015,Total,Queenstown- Total,Port,140
2015,Total,Queenstown- Total,Queensway,280
2015,Total,Queenstown- Total,Singapore Polytechnic,160
2015,Total,Queenstown- Total,Tanglin Halt,13160
2015,Total,River Valley- Total,Institution Hill,3380
2015,Total,River Valley- Total,Leonie Hill,2450
2015,Total,River Valley- Total,One Tree Hill,1840
2015,Total,River Valley- Total,Oxley,1380
2015,Total,River Valley- Total,Paterson,150
2015,Total,Rochor- Total,Bencoolen,1460
2015,Total,Rochor- Total,Farrer Park,3130
2015,Total,Rochor- Total,Kampong Glam,170
2015,Total,Rochor- Total,Little India,3850
2015,Total,Rochor- Total,Mackenzie,110
2015,Total,Rochor- Total,Mount Emily,1110
2015,Total,Rochor- Total,Rochor Canal,10
2015,Total,Rochor- Total,Selegie,270
2015,Total,Rochor- Total,Sungei Road,2420
2015,Total,Rochor- Total,Victoria,2060
2015,Total,Seletar- Total,Seletar,260
2015,Total,Seletar- Total,Seletar Aerospace Park,20
2015,Total,Sembawang- Total,Admiralty,14410
2015,Total,Sembawang- Total,Sembawang Central,29140
2015,Total,Sembawang- Total,Sembawang East,90
2015,Total,Sembawang- Total,Sembawang North,26860
2015,Total,Sembawang- Total,Sembawang Springs,4290
2015,Total,Sembawang- Total,Sembawang Straits,1700
2015,Total,Sembawang- Total,Senoko North,20
2015,Total,Sembawang- Total,Senoko South,20
2015,Total,Sengkang- Total,Anchorvale,38040
2015,Total,Sengkang- Total,Compassvale,18510
2015,Total,Sengkang- Total,Fernvale,35590
2015,Total,Sengkang- Total,Rivervale,59860
2015,Total,Sengkang- Total,Sengkang Town Centre,54680
2015,Total,Sengkang- Total,Sengkang West,10
2015,Total,Serangoon- Total,Lorong Chuan,8390
2015,Total,Serangoon- Total,Seletar Hills,13580
2015,Total,Serangoon- Total,Serangoon Central,26480
2015,Total,Serangoon- Total,Serangoon Garden,39180
2015,Total,Serangoon- Total,Serangoon North,17490
2015,Total,Serangoon- Total,Serangoon North Ind Estate,20
2015,Total,Serangoon- Total,Upper Paya Lebar,15540
2015,Total,Singapore River- Total,Boat Quay,180
2015,Total,Singapore River- Total,Clarke Quay,130
2015,Total,Singapore River- Total,Robertson Quay,2420
2015,Total,Southern Islands- Total,Sentosa,1470
2015,Total,Sungei Kadut- Total,Gali Batu,130
2015,Total,Sungei Kadut- Total,Kranji,20
2015,Total,Sungei Kadut- Total,Pang Sua,20
2015,Total,Sungei Kadut- Total,Reservoir View,20
2015,Total,Sungei Kadut- Total,Turf Club,660
2015,Total,Tampines- Total,Simei,42710
2015,Total,Tampines- Total,Tampines East,138500
2015,Total,Tampines- Total,Tampines West,78110
2015,Total,Tampines- Total,Xilin,1920
2015,Total,Tanglin- Total,Chatsworth,5740
2015,Total,Tanglin- Total,Nassim,8340
2015,Total,Tanglin- Total,Ridout,1400
2015,Total,Tanglin- Total,Tyersall,3520
2015,Total,Tengah- Total,Tengah,10
2015,Total,Toa Payoh- Total,Bidadari,10
2015,Total,Toa Payoh- Total,Boon Teck,15110
2015,Total,Toa Payoh- Total,Braddell,10760
2015,Total,Toa Payoh- Total,Joo Seng,6720
2015,Total,Toa Payoh- Total,Kim Keat,8610
2015,Total,Toa Payoh- Total,Lorong 8 Toa Payoh,8220
2015,Total,Toa Payoh- Total,Pei Chun,11780
2015,Total,Toa Payoh- Total,Potong Pasir,12650
2015,Total,Toa Payoh- Total,Sennett,4540
2015,Total,Toa Payoh- Total,Toa Payoh Central,30740
2015,Total,Toa Payoh- Total,Toa Payoh West,13360
2015,Total,Toa Payoh- Total,Woodleigh,2440
2015,Total,Tuas- Total,Tuas Bay,20
2015,Total,Tuas- Total,Tuas North,20
2015,Total,Tuas- Total,Tuas Promenade,10
2015,Total,Tuas- Total,Tuas View,10
2015,Total,Western Water Catchment- Total,Western Water Catchment,900
2015,Total,Woodlands- Total,Greenwood Park,70
2015,Total,Woodlands- Total,Midview,35510
2015,Total,Woodlands- Total,North Coast,14610
2015,Total,Woodlands- Total,Senoko West,20
2015,Total,Woodlands- Total,Woodgrove,35850
2015,Total,Woodlands- Total,Woodlands East,95510
2015,Total,Woodlands- Total,Woodlands South,35840
2015,Total,Woodlands- Total,Woodlands West,32890
2015,Total,Yishun- Total,Khatib,10850
2015,Total,Yishun- Total,Lower Seletar,2870
2015,Total,Yishun- Total,Nee Soon,900
2015,Total,Yishun- Total,Northland,30380
2015,Total,Yishun- Total,Springleaf,3880
2015,Total,Yishun- Total,Yishun Central,1490
2015,Total,Yishun- Total,Yishun East,54880
2015,Total,Yishun- Total,Yishun South,38840
2015,Total,Yishun- Total,Yishun West,57890
2015,HDB Dwellings - Total HDB,Ang Mo Kio- Total,Ang Mo Kio Town Centre,3250
2015,HDB Dwellings - Total HDB,Ang Mo Kio- Total,Cheng San,29610
2015,HDB Dwellings - Total HDB,Ang Mo Kio- Total,Chong Boon,27670
2015,HDB Dwellings - Total HDB,Ang Mo Kio- Total,Kebun Bahru,22460
2015,HDB Dwellings - Total HDB,Ang Mo Kio- Total,Shangri-La,18150
2015,HDB Dwellings - Total HDB,Ang Mo Kio- Total,Townsville,23690
2015,HDB Dwellings - Total HDB,Ang Mo Kio- Total,Yio Chu Kang West,20290
2015,HDB Dwellings - Total HDB,Bedok- Total,Bedok North,76470
2015,HDB Dwellings - Total HDB,Bedok- Total,Bedok Reservoir,19050
2015,HDB Dwellings - Total HDB,Bedok- Total,Bedok South,33320
2015,HDB Dwellings - Total HDB,Bedok- Total,Frankel,150
2015,HDB Dwellings - Total HDB,Bedok- Total,Kaki Bukit,39610
2015,HDB Dwellings - Total HDB,Bedok- Total,Kembangan,24460
2015,HDB Dwellings - Total HDB,Bishan- Total,Bishan East,27360
2015,HDB Dwellings - Total HDB,Bishan- Total,Marymount,24470
2015,HDB Dwellings - Total HDB,Bishan- Total,Upper Thomson,13300
2015,HDB Dwellings - Total HDB,Bukit Batok- Total,Bukit Batok Central,24580
2015,HDB Dwellings - Total HDB,Bukit Batok- Total,Bukit Batok East,14430
2015,HDB Dwellings - Total HDB,Bukit Batok- Total,Bukit Batok South,11970
2015,HDB Dwellings - Total HDB,Bukit Batok- Total,Bukit Batok West,15140
2015,HDB Dwellings - Total HDB,Bukit Batok- Total,Gombak,6870
2015,HDB Dwellings - Total HDB,Bukit Batok- Total,Guilin,8450
2015,HDB Dwellings - Total HDB,Bukit Batok- Total,Hong Kah North,26810
2015,HDB Dwellings - Total HDB,Bukit Merah- Total,Alexandra Hill,15140
2015,HDB Dwellings - Total HDB,Bukit Merah- Total,Bukit Ho Swee,15680
2015,HDB Dwellings - Total HDB,Bukit Merah- Total,Bukit Merah,1150
2015,HDB Dwellings - Total HDB,Bukit Merah- Total,Depot Road,4000
2015,HDB Dwellings - Total HDB,Bukit Merah- Total,Everton Park,8310
2015,HDB Dwellings - Total HDB,Bukit Merah- Total,Henderson Hill,12670
2015,HDB Dwellings - Total HDB,Bukit Merah- Total,Kampong Tiong Bahru,10270
2015,HDB Dwellings - Total HDB,Bukit Merah- Total,Redhill,11230
2015,HDB Dwellings - Total HDB,Bukit Merah- Total,Telok Blangah Drive,15610
2015,HDB Dwellings - Total HDB,Bukit Merah- Total,Telok Blangah Rise,12820
2015,HDB Dwellings - Total HDB,Bukit Merah- Total,Telok Blangah Way,10610
2015,HDB Dwellings - Total HDB,Bukit Merah- Total,Tiong Bahru,11800
2015,HDB Dwellings - Total HDB,Bukit Merah- Total,Tiong Bahru Station,15280
2015,HDB Dwellings - Total HDB,Bukit Panjang- Total,Bangkit,22440
2015,HDB Dwellings - Total HDB,Bukit Panjang- Total,Fajar,26770
2015,HDB Dwellings - Total HDB,Bukit Panjang- Total,Jelebu,26760
2015,HDB Dwellings - Total HDB,Bukit Panjang- Total,Saujana,23960
2015,HDB Dwellings - Total HDB,Bukit Panjang- Total,Senja,20070
2015,HDB Dwellings - Total HDB,Bukit Timah- Total,Anak Bukit,5640
2015,HDB Dwellings - Total HDB,Bukit Timah- Total,Farrer Court,1910
2015,HDB Dwellings - Total HDB,Bukit Timah- Total,Ulu Pandan,10
2015,HDB Dwellings - Total HDB,Changi- Total,Changi Point,460
2015,HDB Dwellings - Total HDB,Choa Chu Kang- Total,Choa Chu Kang Central,15440
2015,HDB Dwellings - Total HDB,Choa Chu Kang- Total,Choa Chu Kang North,29560
2015,HDB Dwellings - Total HDB,Choa Chu Kang- Total,Keat Hong,13190
2015,HDB Dwellings - Total HDB,Choa Chu Kang- Total,Peng Siang,31910
2015,HDB Dwellings - Total HDB,Choa Chu Kang- Total,Teck Whye,26860
2015,HDB Dwellings - Total HDB,Choa Chu Kang- Total,Yew Tee,38900
2015,HDB Dwellings - Total HDB,Clementi- Total,Clementi Central,11030
2015,HDB Dwellings - Total HDB,Clementi- Total,Clementi North,28330
2015,HDB Dwellings - Total HDB,Clementi- Total,Clementi West,13890
2015,HDB Dwellings - Total HDB,Clementi- Total,Clementi Woods,13610
2015,HDB Dwellings - Total HDB,Clementi- Total,Sunset Way,3560
2015,HDB Dwellings - Total HDB,Downtown Core- Total,Bugis,2220
2015,HDB Dwellings - Total HDB,Geylang- Total,Aljunied,29920
2015,HDB Dwellings - Total HDB,Geylang- Total,Geylang East,21290
2015,HDB Dwellings - Total HDB,Geylang- Total,Kampong Ubi,13050
2015,HDB Dwellings - Total HDB,Geylang- Total,Macpherson,25930
2015,HDB Dwellings - Total HDB,Hougang- Total,Hougang Central,3890
2015,HDB Dwellings - Total HDB,Hougang- Total,Hougang East,21920
2015,HDB Dwellings - Total HDB,Hougang- Total,Hougang West,49800
2015,HDB Dwellings - Total HDB,Hougang- Total,Kangkar,19030
2015,HDB Dwellings - Total HDB,Hougang- Total,Kovan,4420
2015,HDB Dwellings - Total HDB,Hougang- Total,Lorong Ah Soo,27440
2015,HDB Dwellings - Total HDB,Hougang- Total,Tai Seng,9600
2015,HDB Dwellings - Total HDB,Hougang- Total,Trafalgar,37820
2015,HDB Dwellings - Total HDB,Jurong East- Total,Teban Gardens,19050
2015,HDB Dwellings - Total HDB,Jurong East- Total,Toh Guan,16510
2015,HDB Dwellings - Total HDB,Jurong East- Total,Yuhua East,24460
2015,HDB Dwellings - Total HDB,Jurong East- Total,Yuhua West,17630
2015,HDB Dwellings - Total HDB,Jurong West- Total,Boon Lay Place,29820
2015,HDB Dwellings - Total HDB,Jurong West- Total,Hong Kah,53800
2015,HDB Dwellings - Total HDB,Jurong West- Total,Jurong West Central,67050
2015,HDB Dwellings - Total HDB,Jurong West- Total,Taman Jurong,31650
2015,HDB Dwellings - Total HDB,Jurong West- Total,Wenya,8600
2015,HDB Dwellings - Total HDB,Jurong West- Total,Yunnan,64730
2015,HDB Dwellings - Total HDB,Kallang- Total,Bendemeer,29040
2015,HDB Dwellings - Total HDB,Kallang- Total,Boon Keng,10730
2015,HDB Dwellings - Total HDB,Kallang- Total,Crawford,9170
2015,HDB Dwellings - Total HDB,Kallang- Total,Geylang Bahru,12760
2015,HDB Dwellings - Total HDB,Kallang- Total,Kampong Bugis,760
2015,HDB Dwellings - Total HDB,Kallang- Total,Kampong Java,7940
2015,HDB Dwellings - Total HDB,Kallang- Total,Lavender,6810
2015,HDB Dwellings - Total HDB,Kallang- Total,Tanjong Rhu,4120
2015,HDB Dwellings - Total HDB,Marine Parade- Total,Marine Parade,21690
2015,HDB Dwellings - Total HDB,Novena- Total,Balestier,21690
2015,HDB Dwellings - Total HDB,Novena- Total,Moulmein,200
2015,HDB Dwellings - Total HDB,Outram- Total,China Square,1530
2015,HDB Dwellings - Total HDB,Outram- Total,Chinatown,11260
2015,HDB Dwellings - Total HDB,Outram- Total,Pearl's Hill,6900
2015,HDB Dwellings - Total HDB,Pasir Ris- Total,Pasir Ris Central,20830
2015,HDB Dwellings - Total HDB,Pasir Ris- Total,Pasir Ris Drive,57680
2015,HDB Dwellings - Total HDB,Pasir Ris- Total,Pasir Ris West,29810
2015,HDB Dwellings - Total HDB,Punggol- Total,Matilda,28430
2015,HDB Dwellings - Total HDB,Punggol- Total,Punggol Field,43070
2015,HDB Dwellings - Total HDB,Punggol- Total,Punggol Town Centre,7390
2015,HDB Dwellings - Total HDB,Punggol- Total,Waterway East,26860
2015,HDB Dwellings - Total HDB,Queenstown- Total,Commonwealth,8100
2015,HDB Dwellings - Total HDB,Queenstown- Total,Dover,10620
2015,HDB Dwellings - Total HDB,Queenstown- Total,Ghim Moh,11850
2015,HDB Dwellings - Total HDB,Queenstown- Total,Holland Drive,14150
2015,HDB Dwellings - Total HDB,Queenstown- Total,Margaret Drive,10480
2015,HDB Dwellings - Total HDB,Queenstown- Total,Mei Chin,13550
2015,HDB Dwellings - Total HDB,Queenstown- Total,Tanglin Halt,13110
2015,HDB Dwellings - Total HDB,Rochor- Total,Bencoolen,1070
2015,HDB Dwellings - Total HDB,Rochor- Total,Farrer Park,2730
2015,HDB Dwellings - Total HDB,Rochor- Total,Little India,3350
2015,HDB Dwellings - Total HDB,Rochor- Total,Sungei Road,2390
2015,HDB Dwellings - Total HDB,Rochor- Total,Victoria,1840
2015,HDB Dwellings - Total HDB,Sembawang- Total,Admiralty,14390
2015,HDB Dwellings - Total HDB,Sembawang- Total,Sembawang Central,28780
2015,HDB Dwellings - Total HDB,Sembawang- Total,Sembawang North,26840
2015,HDB Dwellings - Total HDB,Sengkang- Total,Anchorvale,38030
2015,HDB Dwellings - Total HDB,Sengkang- Total,Compassvale,15170
2015,HDB Dwellings - Total HDB,Sengkang- Total,Fernvale,34110
2015,HDB Dwellings - Total HDB,Sengkang- Total,Rivervale,53010
2015,HDB Dwellings - Total HDB,Sengkang- Total,Sengkang Town Centre,52960
2015,HDB Dwellings - Total HDB,Serangoon- Total,Serangoon Central,21470
2015,HDB Dwellings - Total HDB,Serangoon- Total,Serangoon Garden,21440
2015,HDB Dwellings - Total HDB,Serangoon- Total,Serangoon North,17470
2015,HDB Dwellings - Total HDB,Serangoon- Total,Upper Paya Lebar,10030
2015,HDB Dwellings - Total HDB,Tampines- Total,Simei,25660
2015,HDB Dwellings - Total HDB,Tampines- Total,Tampines East,134030
2015,HDB Dwellings - Total HDB,Tampines- Total,Tampines West,72170
2015,HDB Dwellings - Total HDB,Tanglin- Total,Tyersall,520
2015,HDB Dwellings - Total HDB,Toa Payoh- Total,Boon Teck,14810
2015,HDB Dwellings - Total HDB,Toa Payoh- Total,Braddell,9690
2015,HDB Dwellings - Total HDB,Toa Payoh- Total,Joo Seng,4750
2015,HDB Dwellings - Total HDB,Toa Payoh- Total,Kim Keat,8550
2015,HDB Dwellings - Total HDB,Toa Payoh- Total,Lorong 8 Toa Payoh,8150
2015,HDB Dwellings - Total HDB,Toa Payoh- Total,Pei Chun,11670
2015,HDB Dwellings - Total HDB,Toa Payoh- Total,Potong Pasir,10710
2015,HDB Dwellings - Total HDB,Toa Payoh- Total,Toa Payoh Central,28540
2015,HDB Dwellings - Total HDB,Toa Payoh- Total,Toa Payoh West,12180
2015,HDB Dwellings - Total HDB,Woodlands- Total,Midview,35300
2015,HDB Dwellings - Total HDB,Woodlands- Total,North Coast,14550
2015,HDB Dwellings - Total HDB,Woodlands- Total,Woodgrove,30340
2015,HDB Dwellings - Total HDB,Woodlands- Total,Woodlands East,91320
2015,HDB Dwellings - Total HDB,Woodlands- Total,Woodlands South,34450
2015,HDB Dwellings - Total HDB,Woodlands- Total,Woodlands West,32610
2015,HDB Dwellings - Total HDB,Yishun- Total,Khatib,10810
2015,HDB Dwellings - Total HDB,Yishun- Total,Lower Seletar,1370
2015,HDB Dwellings - Total HDB,Yishun- Total,Northland,30280
2015,HDB Dwellings - Total HDB,Yishun- Total,Yishun Central,1490
2015,HDB Dwellings - Total HDB,Yishun- Total,Yishun East,52880
2015,HDB Dwellings - Total HDB,Yishun- Total,Yishun South,36090
2015,HDB Dwellings - Total HDB,Yishun- Total,Yishun West,53850
2015,HDB Dwellings - 1- and 2-Room Flats,Ang Mo Kio- Total,Cheng San,840
2015,HDB Dwellings - 1- and 2-Room Flats,Ang Mo Kio- Total,Chong Boon,1840
2015,HDB Dwellings - 1- and 2-Room Flats,Ang Mo Kio- Total,Kebun Bahru,1920
2015,HDB Dwellings - 1- and 2-Room Flats,Ang Mo Kio- Total,Shangri-La,3280
2015,HDB Dwellings - 1- and 2-Room Flats,Ang Mo Kio- Total,Townsville,1610
2015,HDB Dwellings - 1- and 2-Room Flats,Ang Mo Kio- Total,Yio Chu Kang West,3160
2015,HDB Dwellings - 1- and 2-Room Flats,Bedok- Total,Bedok North,3750
2015,HDB Dwellings - 1- and 2-Room Flats,Bedok- Total,Bedok South,1740
2015,HDB Dwellings - 1- and 2-Room Flats,Bedok- Total,Frankel,150
2015,HDB Dwellings - 1- and 2-Room Flats,Bedok- Total,Kaki Bukit,430
2015,HDB Dwellings - 1- and 2-Room Flats,Bedok- Total,Kembangan,3570
2015,HDB Dwellings - 1- and 2-Room Flats,Bishan- Total,Bishan East,300
2015,HDB Dwellings - 1- and 2-Room Flats,Bishan- Total,Upper Thomson,870
2015,HDB Dwellings - 1- and 2-Room Flats,Bukit Batok- Total,Bukit Batok Central,1290
2015,HDB Dwellings - 1- and 2-Room Flats,Bukit Merah- Total,Alexandra Hill,4750
2015,HDB Dwellings - 1- and 2-Room Flats,Bukit Merah- Total,Bukit Ho Swee,4190
2015,HDB Dwellings - 1- and 2-Room Flats,Bukit Merah- Total,Everton Park,620
2015,HDB Dwellings - 1- and 2-Room Flats,Bukit Merah- Total,Henderson Hill,4750
2015,HDB Dwellings - 1- and 2-Room Flats,Bukit Merah- Total,Kampong Tiong Bahru,2330
2015,HDB Dwellings - 1- and 2-Room Flats,Bukit Merah- Total,Redhill,2200
2015,HDB Dwellings - 1- and 2-Room Flats,Bukit Merah- Total,Telok Blangah Drive,1540
2015,HDB Dwellings - 1- and 2-Room Flats,Bukit Merah- Total,Telok Blangah Rise,960
2015,HDB Dwellings - 1- and 2-Room Flats,Bukit Merah- Total,Telok Blangah Way,2270
2015,HDB Dwellings - 1- and 2-Room Flats,Bukit Merah- Total,Tiong Bahru,320
2015,HDB Dwellings - 1- and 2-Room Flats,Bukit Merah- Total,Tiong Bahru Station,1880
2015,HDB Dwellings - 1- and 2-Room Flats,Bukit Panjang- Total,Fajar,450
2015,HDB Dwellings - 1- and 2-Room Flats,Bukit Panjang- Total,Saujana,210
2015,HDB Dwellings - 1- and 2-Room Flats,Bukit Panjang- Total,Senja,1600
2015,HDB Dwellings - 1- and 2-Room Flats,Choa Chu Kang- Total,Choa Chu Kang North,1660
2015,HDB Dwellings - 1- and 2-Room Flats,Choa Chu Kang- Total,Peng Siang,350
2015,HDB Dwellings - 1- and 2-Room Flats,Choa Chu Kang- Total,Teck Whye,1830
2015,HDB Dwellings - 1- and 2-Room Flats,Clementi- Total,Clementi North,1210
2015,HDB Dwellings - 1- and 2-Room Flats,Clementi- Total,Clementi Woods,1530
2015,HDB Dwellings - 1- and 2-Room Flats,Geylang- Total,Aljunied,2340
2015,HDB Dwellings - 1- and 2-Room Flats,Geylang- Total,Geylang East,2310
2015,HDB Dwellings - 1- and 2-Room Flats,Geylang- Total,Macpherson,5640
2015,HDB Dwellings - 1- and 2-Room Flats,Hougang- Total,Kangkar,1020
2015,HDB Dwellings - 1- and 2-Room Flats,Hougang- Total,Tai Seng,1490
2015,HDB Dwellings - 1- and 2-Room Flats,Hougang- Total,Trafalgar,1760
2015,HDB Dwellings - 1- and 2-Room Flats,Jurong East- Total,Teban Gardens,210
2015,HDB Dwellings - 1- and 2-Room Flats,Jurong East- Total,Yuhua West,1910
2015,HDB Dwellings - 1- and 2-Room Flats,Jurong West- Total,Boon Lay Place,4540
2015,HDB Dwellings - 1- and 2-Room Flats,Jurong West- Total,Hong Kah,560
2015,HDB Dwellings - 1- and 2-Room Flats,Jurong West- Total,Taman Jurong,1790
2015,HDB Dwellings - 1- and 2-Room Flats,Jurong West- Total,Yunnan,220
2015,HDB Dwellings - 1- and 2-Room Flats,Kallang- Total,Bendemeer,1730
2015,HDB Dwellings - 1- and 2-Room Flats,Kallang- Total,Boon Keng,1020
2015,HDB Dwellings - 1- and 2-Room Flats,Kallang- Total,Crawford,4860
2015,HDB Dwellings - 1- and 2-Room Flats,Kallang- Total,Geylang Bahru,1320
2015,HDB Dwellings - 1- and 2-Room Flats,Kallang- Total,Kampong Java,410
2015,HDB Dwellings - 1- and 2-Room Flats,Kallang- Total,Lavender,2750
2015,HDB Dwellings - 1- and 2-Room Flats,Kallang- Total,Tanjong Rhu,570
2015,HDB Dwellings - 1- and 2-Room Flats,Marine Parade- Total,Marine Parade,3740
2015,HDB Dwellings - 1- and 2-Room Flats,Novena- Total,Balestier,2220
2015,HDB Dwellings - 1- and 2-Room Flats,Outram- Total,Chinatown,1140
2015,HDB Dwellings - 1- and 2-Room Flats,Outram- Total,Pearl's Hill,5330
2015,HDB Dwellings - 1- and 2-Room Flats,Pasir Ris- Total,Pasir Ris Central,330
2015,HDB Dwellings - 1- and 2-Room Flats,Pasir Ris- Total,Pasir Ris Drive,870
2015,HDB Dwellings - 1- and 2-Room Flats,Punggol- Total,Matilda,1960
2015,HDB Dwellings - 1- and 2-Room Flats,Punggol- Total,Waterway East,2700
2015,HDB Dwellings - 1- and 2-Room Flats,Queenstown- Total,Commonwealth,1890
2015,HDB Dwellings - 1- and 2-Room Flats,Queenstown- Total,Dover,490
2015,HDB Dwellings - 1- and 2-Room Flats,Queenstown- Total,Ghim Moh,1970
2015,HDB Dwellings - 1- and 2-Room Flats,Queenstown- Total,Holland Drive,640
2015,HDB Dwellings - 1- and 2-Room Flats,Queenstown- Total,Margaret Drive,290
2015,HDB Dwellings - 1- and 2-Room Flats,Queenstown- Total,Mei Chin,1950
2015,HDB Dwellings - 1- and 2-Room Flats,Queenstown- Total,Tanglin Halt,1840
2015,HDB Dwellings - 1- and 2-Room Flats,Rochor- Total,Bencoolen,40
2015,HDB Dwellings - 1- and 2-Room Flats,Rochor- Total,Sungei Road,780
2015,HDB Dwellings - 1- and 2-Room Flats,Sembawang- Total,Admiralty,1210
2015,HDB Dwellings - 1- and 2-Room Flats,Sembawang- Total,Sembawang North,550
2015,HDB Dwellings - 1- and 2-Room Flats,Sengkang- Total,Anchorvale,990
2015,HDB Dwellings - 1- and 2-Room Flats,Sengkang- Total,Compassvale,310
2015,HDB Dwellings - 1- and 2-Room Flats,Sengkang- Total,Fernvale,2250
2015,HDB Dwellings - 1- and 2-Room Flats,Sengkang- Total,Rivervale,1740
2015,HDB Dwellings - 1- and 2-Room Flats,Sengkang- Total,Sengkang Town Centre,160
2015,HDB Dwellings - 1- and 2-Room Flats,Serangoon- Total,Serangoon Garden,690
2015,HDB Dwellings - 1- and 2-Room Flats,Serangoon- Total,Upper Paya Lebar,360
2015,HDB Dwellings - 1- and 2-Room Flats,Tampines- Total,Tampines East,3680
2015,HDB Dwellings - 1- and 2-Room Flats,Tampines- Total,Tampines West,1150
2015,HDB Dwellings - 1- and 2-Room Flats,Toa Payoh- Total,Boon Teck,5530
2015,HDB Dwellings - 1- and 2-Room Flats,Toa Payoh- Total,Braddell,1730
2015,HDB Dwellings - 1- and 2-Room Flats,Toa Payoh- Total,Kim Keat,60
2015,HDB Dwellings - 1- and 2-Room Flats,Toa Payoh- Total,Lorong 8 Toa Payoh,500
2015,HDB Dwellings - 1- and 2-Room Flats,Toa Payoh- Total,Pei Chun,500
2015,HDB Dwellings - 1- and 2-Room Flats,Toa Payoh- Total,Toa Payoh Central,2950
2015,HDB Dwellings - 1- and 2-Room Flats,Toa Payoh- Total,Toa Payoh West,240
2015,HDB Dwellings - 1- and 2-Room Flats,Woodlands- Total,Midview,960
2015,HDB Dwellings - 1- and 2-Room Flats,Woodlands- Total,North Coast,160
2015,HDB Dwellings - 1- and 2-Room Flats,Woodlands- Total,Woodlands East,530
2015,HDB Dwellings - 1- and 2-Room Flats,Woodlands- Total,Woodlands South,1760
2015,HDB Dwellings - 1- and 2-Room Flats,Woodlands- Total,Woodlands West,3660
2015,HDB Dwellings - 1- and 2-Room Flats,Yishun- Total,Northland,30
2015,HDB Dwellings - 1- and 2-Room Flats,Yishun- Total,Yishun East,2620
2015,HDB Dwellings - 1- and 2-Room Flats,Yishun- Total,Yishun West,1480
2015,HDB Dwellings - 3-Room Flats,Ang Mo Kio- Total,Ang Mo Kio Town Centre,460
2015,HDB Dwellings - 3-Room Flats,Ang Mo Kio- Total,Cheng San,14740
2015,HDB Dwellings - 3-Room Flats,Ang Mo Kio- Total,Chong Boon,13500
2015,HDB Dwellings - 3-Room Flats,Ang Mo Kio- Total,Kebun Bahru,11750
2015,HDB Dwellings - 3-Room Flats,Ang Mo Kio- Total,Shangri-La,7790
2015,HDB Dwellings - 3-Room Flats,Ang Mo Kio- Total,Townsville,7400
2015,HDB Dwellings - 3-Room Flats,Ang Mo Kio- Total,Yio Chu Kang West,8120
2015,HDB Dwellings - 3-Room Flats,Bedok- Total,Bedok North,34660
2015,HDB Dwellings - 3-Room Flats,Bedok- Total,Bedok Reservoir,3220
2015,HDB Dwellings - 3-Room Flats,Bedok- Total,Bedok South,9710
2015,HDB Dwellings - 3-Room Flats,Bedok- Total,Kaki Bukit,6730
2015,HDB Dwellings - 3-Room Flats,Bedok- Total,Kembangan,7750
2015,HDB Dwellings - 3-Room Flats,Bishan- Total,Bishan East,2070
2015,HDB Dwellings - 3-Room Flats,Bishan- Total,Upper Thomson,3360
2015,HDB Dwellings - 3-Room Flats,Bukit Batok- Total,Bukit Batok Central,4160
2015,HDB Dwellings - 3-Room Flats,Bukit Batok- Total,Bukit Batok East,6510
2015,HDB Dwellings - 3-Room Flats,Bukit Batok- Total,Bukit Batok West,5580
2015,HDB Dwellings - 3-Room Flats,Bukit Batok- Total,Guilin,3670
2015,HDB Dwellings - 3-Room Flats,Bukit Batok- Total,Hong Kah North,8110
2015,HDB Dwellings - 3-Room Flats,Bukit Merah- Total,Alexandra Hill,2850
2015,HDB Dwellings - 3-Room Flats,Bukit Merah- Total,Bukit Ho Swee,6070
2015,HDB Dwellings - 3-Room Flats,Bukit Merah- Total,Bukit Merah,160
2015,HDB Dwellings - 3-Room Flats,Bukit Merah- Total,Everton Park,1940
2015,HDB Dwellings - 3-Room Flats,Bukit Merah- Total,Henderson Hill,4090
2015,HDB Dwellings - 3-Room Flats,Bukit Merah- Total,Kampong Tiong Bahru,4630
2015,HDB Dwellings - 3-Room Flats,Bukit Merah- Total,Redhill,2450
2015,HDB Dwellings - 3-Room Flats,Bukit Merah- Total,Telok Blangah Drive,4740
2015,HDB Dwellings - 3-Room Flats,Bukit Merah- Total,Telok Blangah Rise,4630
2015,HDB Dwellings - 3-Room Flats,Bukit Merah- Total,Telok Blangah Way,4990
2015,HDB Dwellings - 3-Room Flats,Bukit Merah- Total,Tiong Bahru,2870
2015,HDB Dwellings - 3-Room Flats,Bukit Merah- Total,Tiong Bahru Station,790
2015,HDB Dwellings - 3-Room Flats,Bukit Panjang- Total,Bangkit,3140
2015,HDB Dwellings - 3-Room Flats,Bukit Panjang- Total,Fajar,1480
2015,HDB Dwellings - 3-Room Flats,Bukit Panjang- Total,Jelebu,4250
2015,HDB Dwellings - 3-Room Flats,Bukit Panjang- Total,Saujana,520
2015,HDB Dwellings - 3-Room Flats,Bukit Panjang- Total,Senja,480
2015,HDB Dwellings - 3-Room Flats,Bukit Timah- Total,Anak Bukit,50
2015,HDB Dwellings - 3-Room Flats,Bukit Timah- Total,Farrer Court,1030
2015,HDB Dwellings - 3-Room Flats,Changi- Total,Changi Point,450
2015,HDB Dwellings - 3-Room Flats,Choa Chu Kang- Total,Choa Chu Kang North,570
2015,HDB Dwellings - 3-Room Flats,Choa Chu Kang- Total,Peng Siang,470
2015,HDB Dwellings - 3-Room Flats,Choa Chu Kang- Total,Teck Whye,4260
2015,HDB Dwellings - 3-Room Flats,Clementi- Total,Clementi Central,4580
2015,HDB Dwellings - 3-Room Flats,Clementi- Total,Clementi North,12720
2015,HDB Dwellings - 3-Room Flats,Clementi- Total,Clementi West,8300
2015,HDB Dwellings - 3-Room Flats,Clementi- Total,Clementi Woods,3130
2015,HDB Dwellings - 3-Room Flats,Clementi- Total,Sunset Way,240
2015,HDB Dwellings - 3-Room Flats,Downtown Core- Total,Bugis,1190
2015,HDB Dwellings - 3-Room Flats,Geylang- Total,Aljunied,10650
2015,HDB Dwellings - 3-Room Flats,Geylang- Total,Geylang East,7130
2015,HDB Dwellings - 3-Room Flats,Geylang- Total,Kampong Ubi,1120
2015,HDB Dwellings - 3-Room Flats,Geylang- Total,Macpherson,12000
2015,HDB Dwellings - 3-Room Flats,Hougang- Total,Hougang Central,90
2015,HDB Dwellings - 3-Room Flats,Hougang- Total,Hougang East,1170
2015,HDB Dwellings - 3-Room Flats,Hougang- Total,Hougang West,8890
2015,HDB Dwellings - 3-Room Flats,Hougang- Total,Kangkar,5410
2015,HDB Dwellings - 3-Room Flats,Hougang- Total,Kovan,780
2015,HDB Dwellings - 3-Room Flats,Hougang- Total,Lorong Ah Soo,8970
2015,HDB Dwellings - 3-Room Flats,Hougang- Total,Tai Seng,550
2015,HDB Dwellings - 3-Room Flats,Hougang- Total,Trafalgar,860
2015,HDB Dwellings - 3-Room Flats,Jurong East- Total,Teban Gardens,4740
2015,HDB Dwellings - 3-Room Flats,Jurong East- Total,Toh Guan,670
2015,HDB Dwellings - 3-Room Flats,Jurong East- Total,Yuhua East,9020
2015,HDB Dwellings - 3-Room Flats,Jurong East- Total,Yuhua West,4070
2015,HDB Dwellings - 3-Room Flats,Jurong West- Total,Boon Lay Place,15500
2015,HDB Dwellings - 3-Room Flats,Jurong West- Total,Hong Kah,12870
2015,HDB Dwellings - 3-Room Flats,Jurong West- Total,Taman Jurong,4940
2015,HDB Dwellings - 3-Room Flats,Jurong West- Total,Yunnan,2440
2015,HDB Dwellings - 3-Room Flats,Kallang- Total,Bendemeer,9280
2015,HDB Dwellings - 3-Room Flats,Kallang- Total,Boon Keng,2500
2015,HDB Dwellings - 3-Room Flats,Kallang- Total,Crawford,2690
2015,HDB Dwellings - 3-Room Flats,Kallang- Total,Geylang Bahru,7750
2015,HDB Dwellings - 3-Room Flats,Kallang- Total,Kampong Java,1980
2015,HDB Dwellings - 3-Room Flats,Kallang- Total,Lavender,1380
2015,HDB Dwellings - 3-Room Flats,Kallang- Total,Tanjong Rhu,2160
2015,HDB Dwellings - 3-Room Flats,Marine Parade- Total,Marine Parade,6910
2015,HDB Dwellings - 3-Room Flats,Novena- Total,Balestier,7890
2015,HDB Dwellings - 3-Room Flats,Outram- Total,China Square,1460
2015,HDB Dwellings - 3-Room Flats,Outram- Total,Chinatown,2900
2015,HDB Dwellings - 3-Room Flats,Outram- Total,Pearl's Hill,1240
2015,HDB Dwellings - 3-Room Flats,Pasir Ris- Total,Pasir Ris Central,520
2015,HDB Dwellings - 3-Room Flats,Punggol- Total,Matilda,3180
2015,HDB Dwellings - 3-Room Flats,Punggol- Total,Punggol Town Centre,880
2015,HDB Dwellings - 3-Room Flats,Punggol- Total,Waterway East,2470
2015,HDB Dwellings - 3-Room Flats,Queenstown- Total,Commonwealth,5930
2015,HDB Dwellings - 3-Room Flats,Queenstown- Total,Dover,3280
2015,HDB Dwellings - 3-Room Flats,Queenstown- Total,Ghim Moh,4790
2015,HDB Dwellings - 3-Room Flats,Queenstown- Total,Holland Drive,6360
2015,HDB Dwellings - 3-Room Flats,Queenstown- Total,Margaret Drive,480
2015,HDB Dwellings - 3-Room Flats,Queenstown- Total,Mei Chin,5790
2015,HDB Dwellings - 3-Room Flats,Queenstown- Total,Tanglin Halt,7570
2015,HDB Dwellings - 3-Room Flats,Rochor- Total,Bencoolen,900
2015,HDB Dwellings - 3-Room Flats,Rochor- Total,Farrer Park,320
2015,HDB Dwellings - 3-Room Flats,Rochor- Total,Little India,1390
2015,HDB Dwellings - 3-Room Flats,Rochor- Total,Sungei Road,1160
2015,HDB Dwellings - 3-Room Flats,Rochor- Total,Victoria,1220
2015,HDB Dwellings - 3-Room Flats,Sembawang- Total,Admiralty,670
2015,HDB Dwellings - 3-Room Flats,Sembawang- Total,Sembawang North,250
2015,HDB Dwellings - 3-Room Flats,Sengkang- Total,Anchorvale,930
2015,HDB Dwellings - 3-Room Flats,Sengkang- Total,Compassvale,360
2015,HDB Dwellings - 3-Room Flats,Sengkang- Total,Fernvale,4560
2015,HDB Dwellings - 3-Room Flats,Sengkang- Total,Rivervale,680
2015,HDB Dwellings - 3-Room Flats,Sengkang- Total,Sengkang Town Centre,790
2015,HDB Dwellings - 3-Room Flats,Serangoon- Total,Serangoon Central,4340
2015,HDB Dwellings - 3-Room Flats,Serangoon- Total,Serangoon Garden,5140
2015,HDB Dwellings - 3-Room Flats,Serangoon- Total,Upper Paya Lebar,1660
2015,HDB Dwellings - 3-Room Flats,Tampines- Total,Simei,190
2015,HDB Dwellings - 3-Room Flats,Tampines- Total,Tampines East,25250
2015,HDB Dwellings - 3-Room Flats,Tampines- Total,Tampines West,9840
2015,HDB Dwellings - 3-Room Flats,Tanglin- Total,Tyersall,40
2015,HDB Dwellings - 3-Room Flats,Toa Payoh- Total,Boon Teck,4210
2015,HDB Dwellings - 3-Room Flats,Toa Payoh- Total,Braddell,3160
2015,HDB Dwellings - 3-Room Flats,Toa Payoh- Total,Joo Seng,920
2015,HDB Dwellings - 3-Room Flats,Toa Payoh- Total,Kim Keat,3520
2015,HDB Dwellings - 3-Room Flats,Toa Payoh- Total,Lorong 8 Toa Payoh,2360
2015,HDB Dwellings - 3-Room Flats,Toa Payoh- Total,Pei Chun,5850
2015,HDB Dwellings - 3-Room Flats,Toa Payoh- Total,Potong Pasir,5440
2015,HDB Dwellings - 3-Room Flats,Toa Payoh- Total,Toa Payoh Central,5400
2015,HDB Dwellings - 3-Room Flats,Toa Payoh- Total,Toa Payoh West,7440
2015,HDB Dwellings - 3-Room Flats,Woodlands- Total,Midview,1080
2015,HDB Dwellings - 3-Room Flats,Woodlands- Total,North Coast,5940
2015,HDB Dwellings - 3-Room Flats,Woodlands- Total,Woodgrove,1900
2015,HDB Dwellings - 3-Room Flats,Woodlands- Total,Woodlands East,610
2015,HDB Dwellings - 3-Room Flats,Woodlands- Total,Woodlands South,580
2015,HDB Dwellings - 3-Room Flats,Woodlands- Total,Woodlands West,8930
2015,HDB Dwellings - 3-Room Flats,Yishun- Total,Khatib,1830
2015,HDB Dwellings - 3-Room Flats,Yishun- Total,Lower Seletar,180
2015,HDB Dwellings - 3-Room Flats,Yishun- Total,Northland,7260
2015,HDB Dwellings - 3-Room Flats,Yishun- Total,Yishun East,6500
2015,HDB Dwellings - 3-Room Flats,Yishun- Total,Yishun South,3710
2015,HDB Dwellings - 3-Room Flats,Yishun- Total,Yishun West,20480
2015,HDB Dwellings - 4-Room Flats,Ang Mo Kio- Total,Ang Mo Kio Town Centre,730
2015,HDB Dwellings - 4-Room Flats,Ang Mo Kio- Total,Cheng San,8690
2015,HDB Dwellings - 4-Room Flats,Ang Mo Kio- Total,Chong Boon,8810
2015,HDB Dwellings - 4-Room Flats,Ang Mo Kio- Total,Kebun Bahru,6460
2015,HDB Dwellings - 4-Room Flats,Ang Mo Kio- Total,Shangri-La,5300
2015,HDB Dwellings - 4-Room Flats,Ang Mo Kio- Total,Townsville,10540
2015,HDB Dwellings - 4-Room Flats,Ang Mo Kio- Total,Yio Chu Kang West,5560
2015,HDB Dwellings - 4-Room Flats,Bedok- Total,Bedok North,26630
2015,HDB Dwellings - 4-Room Flats,Bedok- Total,Bedok Reservoir,9120
2015,HDB Dwellings - 4-Room Flats,Bedok- Total,Bedok South,14460
2015,HDB Dwellings - 4-Room Flats,Bedok- Total,Kaki Bukit,16560
2015,HDB Dwellings - 4-Room Flats,Bedok- Total,Kembangan,5600
2015,HDB Dwellings - 4-Room Flats,Bishan- Total,Bishan East,11940
2015,HDB Dwellings - 4-Room Flats,Bishan- Total,Marymount,15080
2015,HDB Dwellings - 4-Room Flats,Bishan- Total,Upper Thomson,4460
2015,HDB Dwellings - 4-Room Flats,Bukit Batok- Total,Bukit Batok Central,11520
2015,HDB Dwellings - 4-Room Flats,Bukit Batok- Total,Bukit Batok East,5590
2015,HDB Dwellings - 4-Room Flats,Bukit Batok- Total,Bukit Batok South,6260
2015,HDB Dwellings - 4-Room Flats,Bukit Batok- Total,Bukit Batok West,6090
2015,HDB Dwellings - 4-Room Flats,Bukit Batok- Total,Gombak,4060
2015,HDB Dwellings - 4-Room Flats,Bukit Batok- Total,Guilin,2410
2015,HDB Dwellings - 4-Room Flats,Bukit Batok- Total,Hong Kah North,14250
2015,HDB Dwellings - 4-Room Flats,Bukit Merah- Total,Alexandra Hill,4170
2015,HDB Dwellings - 4-Room Flats,Bukit Merah- Total,Bukit Ho Swee,3460
2015,HDB Dwellings - 4-Room Flats,Bukit Merah- Total,Bukit Merah,10
2015,HDB Dwellings - 4-Room Flats,Bukit Merah- Total,Depot Road,1760
2015,HDB Dwellings - 4-Room Flats,Bukit Merah- Total,Everton Park,2240
2015,HDB Dwellings - 4-Room Flats,Bukit Merah- Total,Henderson Hill,2880
2015,HDB Dwellings - 4-Room Flats,Bukit Merah- Total,Kampong Tiong Bahru,2050
2015,HDB Dwellings - 4-Room Flats,Bukit Merah- Total,Redhill,3200
2015,HDB Dwellings - 4-Room Flats,Bukit Merah- Total,Telok Blangah Drive,5510
2015,HDB Dwellings - 4-Room Flats,Bukit Merah- Total,Telok Blangah Rise,5980
2015,HDB Dwellings - 4-Room Flats,Bukit Merah- Total,Telok Blangah Way,1750
2015,HDB Dwellings - 4-Room Flats,Bukit Merah- Total,Tiong Bahru,6100
2015,HDB Dwellings - 4-Room Flats,Bukit Merah- Total,Tiong Bahru Station,7680
2015,HDB Dwellings - 4-Room Flats,Bukit Panjang- Total,Bangkit,13400
2015,HDB Dwellings - 4-Room Flats,Bukit Panjang- Total,Fajar,13380
2015,HDB Dwellings - 4-Room Flats,Bukit Panjang- Total,Jelebu,10930
2015,HDB Dwellings - 4-Room Flats,Bukit Panjang- Total,Saujana,10530
2015,HDB Dwellings - 4-Room Flats,Bukit Panjang- Total,Senja,9360
2015,HDB Dwellings - 4-Room Flats,Bukit Timah- Total,Anak Bukit,2260
2015,HDB Dwellings - 4-Room Flats,Bukit Timah- Total,Farrer Court,560
2015,HDB Dwellings - 4-Room Flats,Choa Chu Kang- Total,Choa Chu Kang Central,8910
2015,HDB Dwellings - 4-Room Flats,Choa Chu Kang- Total,Choa Chu Kang North,9740
2015,HDB Dwellings - 4-Room Flats,Choa Chu Kang- Total,Keat Hong,8080
2015,HDB Dwellings - 4-Room Flats,Choa Chu Kang- Total,Peng Siang,19440
2015,HDB Dwellings - 4-Room Flats,Choa Chu Kang- Total,Teck Whye,11810
2015,HDB Dwellings - 4-Room Flats,Choa Chu Kang- Total,Yew Tee,16990
2015,HDB Dwellings - 4-Room Flats,Clementi- Total,Clementi Central,5300
2015,HDB Dwellings - 4-Room Flats,Clementi- Total,Clementi North,9990
2015,HDB Dwellings - 4-Room Flats,Clementi- Total,Clementi West,4330
2015,HDB Dwellings - 4-Room Flats,Clementi- Total,Clementi Woods,5640
2015,HDB Dwellings - 4-Room Flats,Clementi- Total,Sunset Way,1270
2015,HDB Dwellings - 4-Room Flats,Downtown Core- Total,Bugis,1010
2015,HDB Dwellings - 4-Room Flats,Geylang- Total,Aljunied,10000
2015,HDB Dwellings - 4-Room Flats,Geylang- Total,Geylang East,7590
2015,HDB Dwellings - 4-Room Flats,Geylang- Total,Kampong Ubi,9770
2015,HDB Dwellings - 4-Room Flats,Geylang- Total,Macpherson,5020
2015,HDB Dwellings - 4-Room Flats,Hougang- Total,Hougang Central,1560
2015,HDB Dwellings - 4-Room Flats,Hougang- Total,Hougang East,13400
2015,HDB Dwellings - 4-Room Flats,Hougang- Total,Hougang West,27980
2015,HDB Dwellings - 4-Room Flats,Hougang- Total,Kangkar,8200
2015,HDB Dwellings - 4-Room Flats,Hougang- Total,Kovan,2560
2015,HDB Dwellings - 4-Room Flats,Hougang- Total,Lorong Ah Soo,11080
2015,HDB Dwellings - 4-Room Flats,Hougang- Total,Tai Seng,5100
2015,HDB Dwellings - 4-Room Flats,Hougang- Total,Trafalgar,17600
2015,HDB Dwellings - 4-Room Flats,Jurong East- Total,Teban Gardens,8750
2015,HDB Dwellings - 4-Room Flats,Jurong East- Total,Toh Guan,6060
2015,HDB Dwellings - 4-Room Flats,Jurong East- Total,Yuhua East,7620
2015,HDB Dwellings - 4-Room Flats,Jurong East- Total,Yuhua West,5650
2015,HDB Dwellings - 4-Room Flats,Jurong West- Total,Boon Lay Place,4640
2015,HDB Dwellings - 4-Room Flats,Jurong West- Total,Hong Kah,26150
2015,HDB Dwellings - 4-Room Flats,Jurong West- Total,Jurong West Central,25820
2015,HDB Dwellings - 4-Room Flats,Jurong West- Total,Taman Jurong,12750
2015,HDB Dwellings - 4-Room Flats,Jurong West- Total,Wenya,3350
2015,HDB Dwellings - 4-Room Flats,Jurong West- Total,Yunnan,33760
2015,HDB Dwellings - 4-Room Flats,Kallang- Total,Bendemeer,11810
2015,HDB Dwellings - 4-Room Flats,Kallang- Total,Boon Keng,4540
2015,HDB Dwellings - 4-Room Flats,Kallang- Total,Crawford,860
2015,HDB Dwellings - 4-Room Flats,Kallang- Total,Geylang Bahru,1490
2015,HDB Dwellings - 4-Room Flats,Kallang- Total,Kampong Bugis,640
2015,HDB Dwellings - 4-Room Flats,Kallang- Total,Kampong Java,3850
2015,HDB Dwellings - 4-Room Flats,Kallang- Total,Lavender,1690
2015,HDB Dwellings - 4-Room Flats,Kallang- Total,Tanjong Rhu,450
2015,HDB Dwellings - 4-Room Flats,Marine Parade- Total,Marine Parade,5360
2015,HDB Dwellings - 4-Room Flats,Novena- Total,Balestier,6490
2015,HDB Dwellings - 4-Room Flats,Novena- Total,Moulmein,200
2015,HDB Dwellings - 4-Room Flats,Outram- Total,Chinatown,5040
2015,HDB Dwellings - 4-Room Flats,Outram- Total,Pearl's Hill,300
2015,HDB Dwellings - 4-Room Flats,Pasir Ris- Total,Pasir Ris Central,5870
2015,HDB Dwellings - 4-Room Flats,Pasir Ris- Total,Pasir Ris Drive,24310
2015,HDB Dwellings - 4-Room Flats,Pasir Ris- Total,Pasir Ris West,11110
2015,HDB Dwellings - 4-Room Flats,Punggol- Total,Matilda,14160
2015,HDB Dwellings - 4-Room Flats,Punggol- Total,Punggol Field,13070
2015,HDB Dwellings - 4-Room Flats,Punggol- Total,Punggol Town Centre,5750
2015,HDB Dwellings - 4-Room Flats,Punggol- Total,Waterway East,15990
2015,HDB Dwellings - 4-Room Flats,Queenstown- Total,Commonwealth,280
2015,HDB Dwellings - 4-Room Flats,Queenstown- Total,Dover,3810
2015,HDB Dwellings - 4-Room Flats,Queenstown- Total,Ghim Moh,2800
2015,HDB Dwellings - 4-Room Flats,Queenstown- Total,Holland Drive,4690
2015,HDB Dwellings - 4-Room Flats,Queenstown- Total,Margaret Drive,6660
2015,HDB Dwellings - 4-Room Flats,Queenstown- Total,Mei Chin,2930
2015,HDB Dwellings - 4-Room Flats,Queenstown- Total,Tanglin Halt,3130
2015,HDB Dwellings - 4-Room Flats,Rochor- Total,Bencoolen,130
2015,HDB Dwellings - 4-Room Flats,Rochor- Total,Farrer Park,1980
2015,HDB Dwellings - 4-Room Flats,Rochor- Total,Little India,1690
2015,HDB Dwellings - 4-Room Flats,Rochor- Total,Sungei Road,410
2015,HDB Dwellings - 4-Room Flats,Rochor- Total,Victoria,570
2015,HDB Dwellings - 4-Room Flats,Sembawang- Total,Admiralty,5810
2015,HDB Dwellings - 4-Room Flats,Sembawang- Total,Sembawang Central,11100
2015,HDB Dwellings - 4-Room Flats,Sembawang- Total,Sembawang North,12240
2015,HDB Dwellings - 4-Room Flats,Sengkang- Total,Anchorvale,13770
2015,HDB Dwellings - 4-Room Flats,Sengkang- Total,Compassvale,12710
2015,HDB Dwellings - 4-Room Flats,Sengkang- Total,Fernvale,19970
2015,HDB Dwellings - 4-Room Flats,Sengkang- Total,Rivervale,21350
2015,HDB Dwellings - 4-Room Flats,Sengkang- Total,Sengkang Town Centre,21040
2015,HDB Dwellings - 4-Room Flats,Serangoon- Total,Serangoon Central,11870
2015,HDB Dwellings - 4-Room Flats,Serangoon- Total,Serangoon Garden,11210
2015,HDB Dwellings - 4-Room Flats,Serangoon- Total,Serangoon North,7000
2015,HDB Dwellings - 4-Room Flats,Serangoon- Total,Upper Paya Lebar,5250
2015,HDB Dwellings - 4-Room Flats,Tampines- Total,Simei,12820
2015,HDB Dwellings - 4-Room Flats,Tampines- Total,Tampines East,54780
2015,HDB Dwellings - 4-Room Flats,Tampines- Total,Tampines West,35740
2015,HDB Dwellings - 4-Room Flats,Tanglin- Total,Tyersall,210
2015,HDB Dwellings - 4-Room Flats,Toa Payoh- Total,Boon Teck,1320
2015,HDB Dwellings - 4-Room Flats,Toa Payoh- Total,Braddell,2050
2015,HDB Dwellings - 4-Room Flats,Toa Payoh- Total,Joo Seng,1810
2015,HDB Dwellings - 4-Room Flats,Toa Payoh- Total,Kim Keat,2800
2015,HDB Dwellings - 4-Room Flats,Toa Payoh- Total,Lorong 8 Toa Payoh,3230
2015,HDB Dwellings - 4-Room Flats,Toa Payoh- Total,Pei Chun,3070
2015,HDB Dwellings - 4-Room Flats,Toa Payoh- Total,Potong Pasir,4080
2015,HDB Dwellings - 4-Room Flats,Toa Payoh- Total,Toa Payoh Central,11940
2015,HDB Dwellings - 4-Room Flats,Toa Payoh- Total,Toa Payoh West,970
2015,HDB Dwellings - 4-Room Flats,Woodlands- Total,Midview,15170
2015,HDB Dwellings - 4-Room Flats,Woodlands- Total,North Coast,6100
2015,HDB Dwellings - 4-Room Flats,Woodlands- Total,Woodgrove,13900
2015,HDB Dwellings - 4-Room Flats,Woodlands- Total,Woodlands East,47490
2015,HDB Dwellings - 4-Room Flats,Woodlands- Total,Woodlands South,13010
2015,HDB Dwellings - 4-Room Flats,Woodlands- Total,Woodlands West,11210
2015,HDB Dwellings - 4-Room Flats,Yishun- Total,Khatib,4660
2015,HDB Dwellings - 4-Room Flats,Yishun- Total,Lower Seletar,720
2015,HDB Dwellings - 4-Room Flats,Yishun- Total,Northland,16730
2015,HDB Dwellings - 4-Room Flats,Yishun- Total,Yishun Central,830
2015,HDB Dwellings - 4-Room Flats,Yishun- Total,Yishun East,31020
2015,HDB Dwellings - 4-Room Flats,Yishun- Total,Yishun South,19680
2015,HDB Dwellings - 4-Room Flats,Yishun- Total,Yishun West,25390
2015,HDB Dwellings - 5-Room and Executive Flats,Ang Mo Kio- Total,Ang Mo Kio Town Centre,2060
2015,HDB Dwellings - 5-Room and Executive Flats,Ang Mo Kio- Total,Cheng San,5350
2015,HDB Dwellings - 5-Room and Executive Flats,Ang Mo Kio- Total,Chong Boon,3520
2015,HDB Dwellings - 5-Room and Executive Flats,Ang Mo Kio- Total,Kebun Bahru,2320
2015,HDB Dwellings - 5-Room and Executive Flats,Ang Mo Kio- Total,Shangri-La,1780
2015,HDB Dwellings - 5-Room and Executive Flats,Ang Mo Kio- Total,Townsville,4150
2015,HDB Dwellings - 5-Room and Executive Flats,Ang Mo Kio- Total,Yio Chu Kang West,3450
2015,HDB Dwellings - 5-Room and Executive Flats,Bedok- Total,Bedok North,11430
2015,HDB Dwellings - 5-Room and Executive Flats,Bedok- Total,Bedok Reservoir,6720
2015,HDB Dwellings - 5-Room and Executive Flats,Bedok- Total,Bedok South,7410
2015,HDB Dwellings - 5-Room and Executive Flats,Bedok- Total,Kaki Bukit,15890
2015,HDB Dwellings - 5-Room and Executive Flats,Bedok- Total,Kembangan,7540
2015,HDB Dwellings - 5-Room and Executive Flats,Bishan- Total,Bishan East,13050
2015,HDB Dwellings - 5-Room and Executive Flats,Bishan- Total,Marymount,9390
2015,HDB Dwellings - 5-Room and Executive Flats,Bishan- Total,Upper Thomson,4610
2015,HDB Dwellings - 5-Room and Executive Flats,Bukit Batok- Total,Bukit Batok Central,7610
2015,HDB Dwellings - 5-Room and Executive Flats,Bukit Batok- Total,Bukit Batok East,2340
2015,HDB Dwellings - 5-Room and Executive Flats,Bukit Batok- Total,Bukit Batok South,5710
2015,HDB Dwellings - 5-Room and Executive Flats,Bukit Batok- Total,Bukit Batok West,3470
2015,HDB Dwellings - 5-Room and Executive Flats,Bukit Batok- Total,Gombak,2800
2015,HDB Dwellings - 5-Room and Executive Flats,Bukit Batok- Total,Guilin,2370
2015,HDB Dwellings - 5-Room and Executive Flats,Bukit Batok- Total,Hong Kah North,4450
2015,HDB Dwellings - 5-Room and Executive Flats,Bukit Merah- Total,Alexandra Hill,3380
2015,HDB Dwellings - 5-Room and Executive Flats,Bukit Merah- Total,Bukit Ho Swee,1970
2015,HDB Dwellings - 5-Room and Executive Flats,Bukit Merah- Total,Bukit Merah,980
2015,HDB Dwellings - 5-Room and Executive Flats,Bukit Merah- Total,Depot Road,2240
2015,HDB Dwellings - 5-Room and Executive Flats,Bukit Merah- Total,Everton Park,3520
2015,HDB Dwellings - 5-Room and Executive Flats,Bukit Merah- Total,Henderson Hill,960
2015,HDB Dwellings - 5-Room and Executive Flats,Bukit Merah- Total,Kampong Tiong Bahru,1270
2015,HDB Dwellings - 5-Room and Executive Flats,Bukit Merah- Total,Redhill,3390
2015,HDB Dwellings - 5-Room and Executive Flats,Bukit Merah- Total,Telok Blangah Drive,3820
2015,HDB Dwellings - 5-Room and Executive Flats,Bukit Merah- Total,Telok Blangah Rise,1250
2015,HDB Dwellings - 5-Room and Executive Flats,Bukit Merah- Total,Telok Blangah Way,1590
2015,HDB Dwellings - 5-Room and Executive Flats,Bukit Merah- Total,Tiong Bahru,2510
2015,HDB Dwellings - 5-Room and Executive Flats,Bukit Merah- Total,Tiong Bahru Station,4920
2015,HDB Dwellings - 5-Room and Executive Flats,Bukit Panjang- Total,Bangkit,5900
2015,HDB Dwellings - 5-Room and Executive Flats,Bukit Panjang- Total,Fajar,11470
2015,HDB Dwellings - 5-Room and Executive Flats,Bukit Panjang- Total,Jelebu,11590
2015,HDB Dwellings - 5-Room and Executive Flats,Bukit Panjang- Total,Saujana,12710
2015,HDB Dwellings - 5-Room and Executive Flats,Bukit Panjang- Total,Senja,8630
2015,HDB Dwellings - 5-Room and Executive Flats,Bukit Timah- Total,Anak Bukit,3330
2015,HDB Dwellings - 5-Room and Executive Flats,Bukit Timah- Total,Farrer Court,320
2015,HDB Dwellings - 5-Room and Executive Flats,Changi- Total,Changi Point,10
2015,HDB Dwellings - 5-Room and Executive Flats,Choa Chu Kang- Total,Choa Chu Kang Central,6540
2015,HDB Dwellings - 5-Room and Executive Flats,Choa Chu Kang- Total,Choa Chu Kang North,17600
2015,HDB Dwellings - 5-Room and Executive Flats,Choa Chu Kang- Total,Keat Hong,5110
2015,HDB Dwellings - 5-Room and Executive Flats,Choa Chu Kang- Total,Peng Siang,11650
2015,HDB Dwellings - 5-Room and Executive Flats,Choa Chu Kang- Total,Teck Whye,8950
2015,HDB Dwellings - 5-Room and Executive Flats,Choa Chu Kang- Total,Yew Tee,21910
2015,HDB Dwellings - 5-Room and Executive Flats,Clementi- Total,Clementi Central,1150
2015,HDB Dwellings - 5-Room and Executive Flats,Clementi- Total,Clementi North,4420
2015,HDB Dwellings - 5-Room and Executive Flats,Clementi- Total,Clementi West,1250
2015,HDB Dwellings - 5-Room and Executive Flats,Clementi- Total,Clementi Woods,3300
2015,HDB Dwellings - 5-Room and Executive Flats,Clementi- Total,Sunset Way,2050
2015,HDB Dwellings - 5-Room and Executive Flats,Downtown Core- Total,Bugis,20
2015,HDB Dwellings - 5-Room and Executive Flats,Geylang- Total,Aljunied,6920
2015,HDB Dwellings - 5-Room and Executive Flats,Geylang- Total,Geylang East,4260
2015,HDB Dwellings - 5-Room and Executive Flats,Geylang- Total,Kampong Ubi,2150
2015,HDB Dwellings - 5-Room and Executive Flats,Geylang- Total,Macpherson,3270
2015,HDB Dwellings - 5-Room and Executive Flats,Hougang- Total,Hougang Central,2240
2015,HDB Dwellings - 5-Room and Executive Flats,Hougang- Total,Hougang East,7340
2015,HDB Dwellings - 5-Room and Executive Flats,Hougang- Total,Hougang West,12930
2015,HDB Dwellings - 5-Room and Executive Flats,Hougang- Total,Kangkar,4390
2015,HDB Dwellings - 5-Room and Executive Flats,Hougang- Total,Kovan,1080
2015,HDB Dwellings - 5-Room and Executive Flats,Hougang- Total,Lorong Ah Soo,7390
2015,HDB Dwellings - 5-Room and Executive Flats,Hougang- Total,Tai Seng,2460
2015,HDB Dwellings - 5-Room and Executive Flats,Hougang- Total,Trafalgar,17600
2015,HDB Dwellings - 5-Room and Executive Flats,Jurong East- Total,Teban Gardens,5340
2015,HDB Dwellings - 5-Room and Executive Flats,Jurong East- Total,Toh Guan,9780
2015,HDB Dwellings - 5-Room and Executive Flats,Jurong East- Total,Yuhua East,7830
2015,HDB Dwellings - 5-Room and Executive Flats,Jurong East- Total,Yuhua West,6010
2015,HDB Dwellings - 5-Room and Executive Flats,Jurong West- Total,Boon Lay Place,5140
2015,HDB Dwellings - 5-Room and Executive Flats,Jurong West- Total,Hong Kah,14220
2015,HDB Dwellings - 5-Room and Executive Flats,Jurong West- Total,Jurong West Central,41230
2015,HDB Dwellings - 5-Room and Executive Flats,Jurong West- Total,Taman Jurong,12160
2015,HDB Dwellings - 5-Room and Executive Flats,Jurong West- Total,Wenya,5250
2015,HDB Dwellings - 5-Room and Executive Flats,Jurong West- Total,Yunnan,28310
2015,HDB Dwellings - 5-Room and Executive Flats,Kallang- Total,Bendemeer,6220
2015,HDB Dwellings - 5-Room and Executive Flats,Kallang- Total,Boon Keng,2670
2015,HDB Dwellings - 5-Room and Executive Flats,Kallang- Total,Crawford,750
2015,HDB Dwellings - 5-Room and Executive Flats,Kallang- Total,Geylang Bahru,2200
2015,HDB Dwellings - 5-Room and Executive Flats,Kallang- Total,Kampong Bugis,130
2015,HDB Dwellings - 5-Room and Executive Flats,Kallang- Total,Kampong Java,1700
2015,HDB Dwellings - 5-Room and Executive Flats,Kallang- Total,Lavender,980
2015,HDB Dwellings - 5-Room and Executive Flats,Kallang- Total,Tanjong Rhu,940
2015,HDB Dwellings - 5-Room and Executive Flats,Marine Parade- Total,Marine Parade,5690
2015,HDB Dwellings - 5-Room and Executive Flats,Novena- Total,Balestier,5090
2015,HDB Dwellings - 5-Room and Executive Flats,Outram- Total,China Square,70
2015,HDB Dwellings - 5-Room and Executive Flats,Outram- Total,Chinatown,2170
2015,HDB Dwellings - 5-Room and Executive Flats,Outram- Total,Pearl's Hill,20
2015,HDB Dwellings - 5-Room and Executive Flats,Pasir Ris- Total,Pasir Ris Central,14120
2015,HDB Dwellings - 5-Room and Executive Flats,Pasir Ris- Total,Pasir Ris Drive,32510
2015,HDB Dwellings - 5-Room and Executive Flats,Pasir Ris- Total,Pasir Ris West,18700
2015,HDB Dwellings - 5-Room and Executive Flats,Punggol- Total,Matilda,9130
2015,HDB Dwellings - 5-Room and Executive Flats,Punggol- Total,Punggol Field,29990
2015,HDB Dwellings - 5-Room and Executive Flats,Punggol- Total,Punggol Town Centre,760
2015,HDB Dwellings - 5-Room and Executive Flats,Punggol- Total,Waterway East,5700
2015,HDB Dwellings - 5-Room and Executive Flats,Queenstown- Total,Dover,3050
2015,HDB Dwellings - 5-Room and Executive Flats,Queenstown- Total,Ghim Moh,2290
2015,HDB Dwellings - 5-Room and Executive Flats,Queenstown- Total,Holland Drive,2470
2015,HDB Dwellings - 5-Room and Executive Flats,Queenstown- Total,Margaret Drive,3060
2015,HDB Dwellings - 5-Room and Executive Flats,Queenstown- Total,Mei Chin,2880
2015,HDB Dwellings - 5-Room and Executive Flats,Queenstown- Total,Tanglin Halt,570
2015,HDB Dwellings - 5-Room and Executive Flats,Rochor- Total,Farrer Park,430
2015,HDB Dwellings - 5-Room and Executive Flats,Rochor- Total,Little India,280
2015,HDB Dwellings - 5-Room and Executive Flats,Rochor- Total,Sungei Road,40
2015,HDB Dwellings - 5-Room and Executive Flats,Rochor- Total,Victoria,50
2015,HDB Dwellings - 5-Room and Executive Flats,Sembawang- Total,Admiralty,6700
2015,HDB Dwellings - 5-Room and Executive Flats,Sembawang- Total,Sembawang Central,17680
2015,HDB Dwellings - 5-Room and Executive Flats,Sembawang- Total,Sembawang North,13800
2015,HDB Dwellings - 5-Room and Executive Flats,Sengkang- Total,Anchorvale,22350
2015,HDB Dwellings - 5-Room and Executive Flats,Sengkang- Total,Compassvale,1800
2015,HDB Dwellings - 5-Room and Executive Flats,Sengkang- Total,Fernvale,7330
2015,HDB Dwellings - 5-Room and Executive Flats,Sengkang- Total,Rivervale,29230
2015,HDB Dwellings - 5-Room and Executive Flats,Sengkang- Total,Sengkang Town Centre,30970
2015,HDB Dwellings - 5-Room and Executive Flats,Serangoon- Total,Serangoon Central,5260
2015,HDB Dwellings - 5-Room and Executive Flats,Serangoon- Total,Serangoon Garden,4410
2015,HDB Dwellings - 5-Room and Executive Flats,Serangoon- Total,Serangoon North,10470
2015,HDB Dwellings - 5-Room and Executive Flats,Serangoon- Total,Upper Paya Lebar,2750
2015,HDB Dwellings - 5-Room and Executive Flats,Tampines- Total,Simei,12640
2015,HDB Dwellings - 5-Room and Executive Flats,Tampines- Total,Tampines East,50320
2015,HDB Dwellings - 5-Room and Executive Flats,Tampines- Total,Tampines West,25440
2015,HDB Dwellings - 5-Room and Executive Flats,Tanglin- Total,Tyersall,270
2015,HDB Dwellings - 5-Room and Executive Flats,Toa Payoh- Total,Boon Teck,3760
2015,HDB Dwellings - 5-Room and Executive Flats,Toa Payoh- Total,Braddell,2750
2015,HDB Dwellings - 5-Room and Executive Flats,Toa Payoh- Total,Joo Seng,2020
2015,HDB Dwellings - 5-Room and Executive Flats,Toa Payoh- Total,Kim Keat,2170
2015,HDB Dwellings - 5-Room and Executive Flats,Toa Payoh- Total,Lorong 8 Toa Payoh,2050
2015,HDB Dwellings - 5-Room and Executive Flats,Toa Payoh- Total,Pei Chun,2250
2015,HDB Dwellings - 5-Room and Executive Flats,Toa Payoh- Total,Potong Pasir,1190
2015,HDB Dwellings - 5-Room and Executive Flats,Toa Payoh- Total,Toa Payoh Central,8240
2015,HDB Dwellings - 5-Room and Executive Flats,Toa Payoh- Total,Toa Payoh West,590
2015,HDB Dwellings - 5-Room and Executive Flats,Woodlands- Total,Midview,18090
2015,HDB Dwellings - 5-Room and Executive Flats,Woodlands- Total,North Coast,2350
2015,HDB Dwellings - 5-Room and Executive Flats,Woodlands- Total,Woodgrove,14540
2015,HDB Dwellings - 5-Room and Executive Flats,Woodlands- Total,Woodlands East,42690
2015,HDB Dwellings - 5-Room and Executive Flats,Woodlands- Total,Woodlands South,19090
2015,HDB Dwellings - 5-Room and Executive Flats,Woodlands- Total,Woodlands West,8820
2015,HDB Dwellings - 5-Room and Executive Flats,Yishun- Total,Khatib,4320
2015,HDB Dwellings - 5-Room and Executive Flats,Yishun- Total,Lower Seletar,480
2015,HDB Dwellings - 5-Room and Executive Flats,Yishun- Total,Northland,6260
2015,HDB Dwellings - 5-Room and Executive Flats,Yishun- Total,Yishun Central,660
2015,HDB Dwellings - 5-Room and Executive Flats,Yishun- Total,Yishun East,12740
2015,HDB Dwellings - 5-Room and Executive Flats,Yishun- Total,Yishun South,12700
2015,HDB Dwellings - 5-Room and Executive Flats,Yishun- Total,Yishun West,6500
2015,Condo- miniums and Other Apartments,Ang Mo Kio- Total,Ang Mo Kio Town Centre,1730
2015,Condo- miniums and Other Apartments,Ang Mo Kio- Total,Sembawang Hills,160
2015,Condo- miniums and Other Apartments,Ang Mo Kio- Total,Tagore,2630
2015,Condo- miniums and Other Apartments,Ang Mo Kio- Total,Yio Chu Kang East,1690
2015,Condo- miniums and Other Apartments,Ang Mo Kio- Total,Yio Chu Kang West,5720
2015,Condo- miniums and Other Apartments,Bedok- Total,Bayshore,6870
2015,Condo- miniums and Other Apartments,Bedok- Total,Bedok North,4220
2015,Condo- miniums and Other Apartments,Bedok- Total,Bedok Reservoir,6280
2015,Condo- miniums and Other Apartments,Bedok- Total,Bedok South,5650
2015,Condo- miniums and Other Apartments,Bedok- Total,Frankel,13640
2015,Condo- miniums and Other Apartments,Bedok- Total,Kaki Bukit,240
2015,Condo- miniums and Other Apartments,Bedok- Total,Kembangan,4970
2015,Condo- miniums and Other Apartments,Bedok- Total,Siglap,6830
2015,Condo- miniums and Other Apartments,Bishan- Total,Bishan East,1290
2015,Condo- miniums and Other Apartments,Bishan- Total,Marymount,4060
2015,Condo- miniums and Other Apartments,Bishan- Total,Upper Thomson,8870
2015,Condo- miniums and Other Apartments,Bukit Batok- Total,Bukit Batok Central,1430
2015,Condo- miniums and Other Apartments,Bukit Batok- Total,Bukit Batok South,1260
2015,Condo- miniums and Other Apartments,Bukit Batok- Total,Gombak,250
2015,Condo- miniums and Other Apartments,Bukit Batok- Total,Guilin,4640
2015,Condo- miniums and Other Apartments,Bukit Batok- Total,Hillview,15730
2015,Condo- miniums and Other Apartments,Bukit Batok- Total,Hong Kah North,1270
2015,Condo- miniums and Other Apartments,Bukit Merah- Total,Alexandra North,990
2015,Condo- miniums and Other Apartments,Bukit Merah- Total,Bukit Ho Swee,520
2015,Condo- miniums and Other Apartments,Bukit Merah- Total,Depot Road,1190
2015,Condo- miniums and Other Apartments,Bukit Merah- Total,Everton Park,410
2015,Condo- miniums and Other Apartments,Bukit Merah- Total,Henderson Hill,160
2015,Condo- miniums and Other Apartments,Bukit Merah- Total,Maritime Square,2300
2015,Condo- miniums and Other Apartments,Bukit Merah- Total,Redhill,860
2015,Condo- miniums and Other Apartments,Bukit Merah- Total,Telok Blangah Drive,300
2015,Condo- miniums and Other Apartments,Bukit Merah- Total,Telok Blangah Rise,720
2015,Condo- miniums and Other Apartments,Bukit Merah- Total,Tiong Bahru,280
2015,Condo- miniums and Other Apartments,Bukit Merah- Total,Tiong Bahru Station,1370
2015,Condo- miniums and Other Apartments,Bukit Panjang- Total,Bangkit,1360
2015,Condo- miniums and Other Apartments,Bukit Panjang- Total,Dairy Farm,3360
2015,Condo- miniums and Other Apartments,Bukit Panjang- Total,Jelebu,6040
2015,Condo- miniums and Other Apartments,Bukit Panjang- Total,Nature Reserve,3280
2015,Condo- miniums and Other Apartments,Bukit Panjang- Total,Saujana,1570
2015,Condo- miniums and Other Apartments,Bukit Timah- Total,Anak Bukit,8430
2015,Condo- miniums and Other Apartments,Bukit Timah- Total,Coronation Road,1930
2015,Condo- miniums and Other Apartments,Bukit Timah- Total,Farrer Court,1800
2015,Condo- miniums and Other Apartments,Bukit Timah- Total,Hillcrest,3570
2015,Condo- miniums and Other Apartments,Bukit Timah- Total,Holland Road,6060
2015,Condo- miniums and Other Apartments,Bukit Timah- Total,Leedon Park,2280
2015,Condo- miniums and Other Apartments,Bukit Timah- Total,Swiss Club,2080
2015,Condo- miniums and Other Apartments,Bukit Timah- Total,Ulu Pandan,7770
2015,Condo- miniums and Other Apartments,Changi- Total,Changi West,50
2015,Condo- miniums and Other Apartments,Choa Chu Kang- Total,Choa Chu Kang Central,5960
2015,Condo- miniums and Other Apartments,Choa Chu Kang- Total,Choa Chu Kang North,2520
2015,Condo- miniums and Other Apartments,Choa Chu Kang- Total,Keat Hong,2080
2015,Condo- miniums and Other Apartments,Choa Chu Kang- Total,Teck Whye,140
2015,Condo- miniums and Other Apartments,Choa Chu Kang- Total,Yew Tee,4800
2015,Condo- miniums and Other Apartments,Clementi- Total,Clementi Central,1210
2015,Condo- miniums and Other Apartments,Clementi- Total,Clementi West,2250
2015,Condo- miniums and Other Apartments,Clementi- Total,Clementi Woods,2060
2015,Condo- miniums and Other Apartments,Clementi- Total,Faber,2730
2015,Condo- miniums and Other Apartments,Clementi- Total,Sunset Way,1830
2015,Condo- miniums and Other Apartments,Clementi- Total,West Coast,3940
2015,Condo- miniums and Other Apartments,Downtown Core- Total,Bugis,20
2015,Condo- miniums and Other Apartments,Downtown Core- Total,Cecil,120
2015,Condo- miniums and Other Apartments,Downtown Core- Total,Central Subzone,450
2015,Condo- miniums and Other Apartments,Downtown Core- Total,Tanjong Pagar,420
2015,Condo- miniums and Other Apartments,Geylang- Total,Aljunied,9940
2015,Condo- miniums and Other Apartments,Geylang- Total,Geylang East,7370
2015,Condo- miniums and Other Apartments,Geylang- Total,Macpherson,630
2015,Condo- miniums and Other Apartments,Hougang- Total,Kangkar,6560
2015,Condo- miniums and Other Apartments,Hougang- Total,Kovan,8820
2015,Condo- miniums and Other Apartments,Hougang- Total,Lorong Ah Soo,2770
2015,Condo- miniums and Other Apartments,Hougang- Total,Tai Seng,530
2015,Condo- miniums and Other Apartments,Hougang- Total,Trafalgar,2960
2015,Condo- miniums and Other Apartments,Jurong East- Total,Lakeside,1000
2015,Condo- miniums and Other Apartments,Jurong East- Total,Yuhua East,2860
2015,Condo- miniums and Other Apartments,Jurong East- Total,Yuhua West,3060
2015,Condo- miniums and Other Apartments,Jurong West- Total,Boon Lay Place,1240
2015,Condo- miniums and Other Apartments,Jurong West- Total,Hong Kah,2930
2015,Condo- miniums and Other Apartments,Jurong West- Total,Jurong West Central,1150
2015,Condo- miniums and Other Apartments,Jurong West- Total,Taman Jurong,4560
2015,Condo- miniums and Other Apartments,Jurong West- Total,Yunnan,2400
2015,Condo- miniums and Other Apartments,Kallang- Total,Bendemeer,3640
2015,Condo- miniums and Other Apartments,Kallang- Total,Boon Keng,40
2015,Condo- miniums and Other Apartments,Kallang- Total,Crawford,450
2015,Condo- miniums and Other Apartments,Kallang- Total,Kampong Bugis,110
2015,Condo- miniums and Other Apartments,Kallang- Total,Kampong Java,2540
2015,Condo- miniums and Other Apartments,Kallang- Total,Lavender,2920
2015,Condo- miniums and Other Apartments,Kallang- Total,Tanjong Rhu,7040
2015,Condo- miniums and Other Apartments,Mandai- Total,Mandai Estate,1240
2015,Condo- miniums and Other Apartments,Marine Parade- Total,Katong,4960
2015,Condo- miniums and Other Apartments,Marine Parade- Total,Marine Parade,6980
2015,Condo- miniums and Other Apartments,Marine Parade- Total,Mountbatten,5060
2015,Condo- miniums and Other Apartments,Museum- Total,Dhoby Ghaut,200
2015,Condo- miniums and Other Apartments,Museum- Total,Fort Canning,150
2015,Condo- miniums and Other Apartments,Newton- Total,Cairnhill,2760
2015,Condo- miniums and Other Apartments,Newton- Total,Goodwood Park,760
2015,Condo- miniums and Other Apartments,Newton- Total,Monk's Hill,960
2015,Condo- miniums and Other Apartments,Newton- Total,Newton Circus,200
2015,Condo- miniums and Other Apartments,Newton- Total,Orange Grove,1430
2015,Condo- miniums and Other Apartments,Novena- Total,Balestier,9220
2015,Condo- miniums and Other Apartments,Novena- Total,Dunearn,840
2015,Condo- miniums and Other Apartments,Novena- Total,Malcolm,720
2015,Condo- miniums and Other Apartments,Novena- Total,Moulmein,6870
2015,Condo- miniums and Other Apartments,Orchard- Total,Boulevard,340
2015,Condo- miniums and Other Apartments,Orchard- Total,Somerset,110
2015,Condo- miniums and Other Apartments,Orchard- Total,Tanglin,380
2015,Condo- miniums and Other Apartments,Outram- Total,China Square,50
2015,Condo- miniums and Other Apartments,Outram- Total,Chinatown,330
2015,Condo- miniums and Other Apartments,Outram- Total,Pearl's Hill,1060
2015,Condo- miniums and Other Apartments,Outram- Total,People's Park,380
2015,Condo- miniums and Other Apartments,Pasir Ris- Total,Flora Drive,9110
2015,Condo- miniums and Other Apartments,Pasir Ris- Total,Loyang East,940
2015,Condo- miniums and Other Apartments,Pasir Ris- Total,Pasir Ris Central,4520
2015,Condo- miniums and Other Apartments,Pasir Ris- Total,Pasir Ris Drive,1790
2015,Condo- miniums and Other Apartments,Pasir Ris- Total,Pasir Ris Park,2700
2015,Condo- miniums and Other Apartments,Pasir Ris- Total,Pasir Ris West,4360
2015,Condo- miniums and Other Apartments,Punggol- Total,Matilda,2000
2015,Condo- miniums and Other Apartments,Punggol- Total,Waterway East,1490
2015,Condo- miniums and Other Apartments,Queenstown- Total,Dover,2340
2015,Condo- miniums and Other Apartments,Queenstown- Total,Kent Ridge,1000
2015,Condo- miniums and Other Apartments,Queenstown- Total,Margaret Drive,10
2015,Condo- miniums and Other Apartments,Queenstown- Total,Mei Chin,2820
2015,Condo- miniums and Other Apartments,Queenstown- Total,One North,540
2015,Condo- miniums and Other Apartments,Queenstown- Total,Pasir Panjang 1,2470
2015,Condo- miniums and Other Apartments,Queenstown- Total,Pasir Panjang 2,1680
2015,Condo- miniums and Other Apartments,Queenstown- Total,Port,20
2015,Condo- miniums and Other Apartments,Queenstown- Total,Queensway,250
2015,Condo- miniums and Other Apartments,River Valley- Total,Institution Hill,3320
2015,Condo- miniums and Other Apartments,River Valley- Total,Leonie Hill,2350
2015,Condo- miniums and Other Apartments,River Valley- Total,One Tree Hill,1290
2015,Condo- miniums and Other Apartments,River Valley- Total,Oxley,1200
2015,Condo- miniums and Other Apartments,River Valley- Total,Paterson,140
2015,Condo- miniums and Other Apartments,Rochor- Total,Bencoolen,330
2015,Condo- miniums and Other Apartments,Rochor- Total,Farrer Park,80
2015,Condo- miniums and Other Apartments,Rochor- Total,Kampong Glam,30
2015,Condo- miniums and Other Apartments,Rochor- Total,Little India,80
2015,Condo- miniums and Other Apartments,Rochor- Total,Mackenzie,100
2015,Condo- miniums and Other Apartments,Rochor- Total,Mount Emily,1000
2015,Condo- miniums and Other Apartments,Rochor- Total,Selegie,220
2015,Condo- miniums and Other Apartments,Rochor- Total,Victoria,170
2015,Condo- miniums and Other Apartments,Sembawang- Total,Sembawang Central,180
2015,Condo- miniums and Other Apartments,Sembawang- Total,Sembawang Springs,1970
2015,Condo- miniums and Other Apartments,Sembawang- Total,Sembawang Straits,20
2015,Condo- miniums and Other Apartments,Sengkang- Total,Compassvale,3320
2015,Condo- miniums and Other Apartments,Sengkang- Total,Fernvale,70
2015,Condo- miniums and Other Apartments,Sengkang- Total,Rivervale,6590
2015,Condo- miniums and Other Apartments,Sengkang- Total,Sengkang Town Centre,1360
2015,Condo- miniums and Other Apartments,Serangoon- Total,Lorong Chuan,3970
2015,Condo- miniums and Other Apartments,Serangoon- Total,Seletar Hills,1540
2015,Condo- miniums and Other Apartments,Serangoon- Total,Serangoon Central,3630
2015,Condo- miniums and Other Apartments,Serangoon- Total,Serangoon Garden,2030
2015,Condo- miniums and Other Apartments,Serangoon- Total,Upper Paya Lebar,2440
2015,Condo- miniums and Other Apartments,Singapore River- Total,Boat Quay,120
2015,Condo- miniums and Other Apartments,Singapore River- Total,Clarke Quay,50
2015,Condo- miniums and Other Apartments,Singapore River- Total,Robertson Quay,2390
2015,Condo- miniums and Other Apartments,Southern Islands- Total,Sentosa,890
2015,Condo- miniums and Other Apartments,Tampines- Total,Simei,12660
2015,Condo- miniums and Other Apartments,Tampines- Total,Tampines East,3940
2015,Condo- miniums and Other Apartments,Tampines- Total,Tampines West,5560
2015,Condo- miniums and Other Apartments,Tampines- Total,Xilin,1380
2015,Condo- miniums and Other Apartments,Tanglin- Total,Chatsworth,4600
2015,Condo- miniums and Other Apartments,Tanglin- Total,Nassim,6700
2015,Condo- miniums and Other Apartments,Tanglin- Total,Ridout,580
2015,Condo- miniums and Other Apartments,Tanglin- Total,Tyersall,2150
2015,Condo- miniums and Other Apartments,Toa Payoh- Total,Braddell,1030
2015,Condo- miniums and Other Apartments,Toa Payoh- Total,Joo Seng,380
2015,Condo- miniums and Other Apartments,Toa Payoh- Total,Potong Pasir,1780
2015,Condo- miniums and Other Apartments,Toa Payoh- Total,Sennett,180
2015,Condo- miniums and Other Apartments,Toa Payoh- Total,Toa Payoh Central,2020
2015,Condo- miniums and Other Apartments,Toa Payoh- Total,Toa Payoh West,850
2015,Condo- miniums and Other Apartments,Toa Payoh- Total,Woodleigh,2120
2015,Condo- miniums and Other Apartments,Woodlands- Total,Woodgrove,4570
2015,Condo- miniums and Other Apartments,Woodlands- Total,Woodlands East,4170
2015,Condo- miniums and Other Apartments,Woodlands- Total,Woodlands South,1330
2015,Condo- miniums and Other Apartments,Yishun- Total,Lower Seletar,400
2015,Condo- miniums and Other Apartments,Yishun- Total,Nee Soon,430
2015,Condo- miniums and Other Apartments,Yishun- Total,Springleaf,100
2015,Condo- miniums and Other Apartments,Yishun- Total,Yishun East,1990
2015,Condo- miniums and Other Apartments,Yishun- Total,Yishun South,2510
2015,Condo- miniums and Other Apartments,Yishun- Total,Yishun West,3540
2015,Landed Properties,Ang Mo Kio- Total,Kebun Bahru,1170
2015,Landed Properties,Ang Mo Kio- Total,Sembawang Hills,6660
2015,Landed Properties,Ang Mo Kio- Total,Shangri-La,300
2015,Landed Properties,Ang Mo Kio- Total,Tagore,5530
2015,Landed Properties,Ang Mo Kio- Total,Yio Chu Kang East,2300
2015,Landed Properties,Ang Mo Kio- Total,Yio Chu Kang West,440
2015,Landed Properties,Bedok- Total,Bayshore,460
2015,Landed Properties,Bedok- Total,Bedok North,4670
2015,Landed Properties,Bedok- Total,Bedok South,11770
2015,Landed Properties,Bedok- Total,Frankel,19130
2015,Landed Properties,Bedok- Total,Kaki Bukit,710
2015,Landed Properties,Bedok- Total,Kembangan,8420
2015,Landed Properties,Bishan- Total,Marymount,2890
2015,Landed Properties,Bishan- Total,Upper Thomson,7880
2015,Landed Properties,Bukit Batok- Total,Bukit Batok South,680
2015,Landed Properties,Bukit Batok- Total,Gombak,2620
2015,Landed Properties,Bukit Batok- Total,Hillview,2320
2015,Landed Properties,Bukit Merah- Total,Everton Park,190
2015,Landed Properties,Bukit Merah- Total,Maritime Square,100
2015,Landed Properties,Bukit Merah- Total,Telok Blangah Drive,30
2015,Landed Properties,Bukit Merah- Total,Telok Blangah Rise,190
2015,Landed Properties,Bukit Merah- Total,Tiong Bahru,10
2015,Landed Properties,Bukit Panjang- Total,Dairy Farm,2020
2015,Landed Properties,Bukit Panjang- Total,Jelebu,650
2015,Landed Properties,Bukit Panjang- Total,Nature Reserve,550
2015,Landed Properties,Bukit Timah- Total,Anak Bukit,7650
2015,Landed Properties,Bukit Timah- Total,Coronation Road,3960
2015,Landed Properties,Bukit Timah- Total,Farrer Court,910
2015,Landed Properties,Bukit Timah- Total,Hillcrest,5080
2015,Landed Properties,Bukit Timah- Total,Holland Road,4170
2015,Landed Properties,Bukit Timah- Total,Leedon Park,3960
2015,Landed Properties,Bukit Timah- Total,Swiss Club,3360
2015,Landed Properties,Bukit Timah- Total,Ulu Pandan,2950
2015,Landed Properties,Changi- Total,Changi Point,170
2015,Landed Properties,Changi- Total,Changi West,240
2015,Landed Properties,Choa Chu Kang- Total,Choa Chu Kang North,2300
2015,Landed Properties,Choa Chu Kang- Total,Keat Hong,250
2015,Landed Properties,Clementi- Total,Clementi Central,960
2015,Landed Properties,Clementi- Total,Clementi West,230
2015,Landed Properties,Clementi- Total,Clementi Woods,300
2015,Landed Properties,Clementi- Total,Faber,1520
2015,Landed Properties,Clementi- Total,Sunset Way,860
2015,Landed Properties,Clementi- Total,West Coast,1940
2015,Landed Properties,Geylang- Total,Aljunied,560
2015,Landed Properties,Geylang- Total,Geylang East,4190
2015,Landed Properties,Geylang- Total,Macpherson,1850
2015,Landed Properties,Hougang- Total,Hougang Central,900
2015,Landed Properties,Hougang- Total,Kangkar,370
2015,Landed Properties,Hougang- Total,Kovan,12050
2015,Landed Properties,Hougang- Total,Lorong Ah Soo,3690
2015,Landed Properties,Hougang- Total,Tai Seng,4160
2015,Landed Properties,Hougang- Total,Trafalgar,1430
2015,Landed Properties,Jurong West- Total,Taman Jurong,690
2015,Landed Properties,Jurong West- Total,Yunnan,3720
2015,Landed Properties,Kallang- Total,Bendemeer,670
2015,Landed Properties,Kallang- Total,Boon Keng,140
2015,Landed Properties,Kallang- Total,Kampong Java,630
2015,Landed Properties,Kallang- Total,Lavender,30
2015,Landed Properties,Kallang- Total,Tanjong Rhu,10
2015,Landed Properties,Mandai- Total,Mandai Estate,780
2015,Landed Properties,Marine Parade- Total,Katong,4340
2015,Landed Properties,Marine Parade- Total,Marine Parade,120
2015,Landed Properties,Marine Parade- Total,Mountbatten,5040
2015,Landed Properties,Newton- Total,Cairnhill,430
2015,Landed Properties,Newton- Total,Goodwood Park,90
2015,Landed Properties,Newton- Total,Newton Circus,20
2015,Landed Properties,Novena- Total,Balestier,530
2015,Landed Properties,Novena- Total,Dunearn,3040
2015,Landed Properties,Novena- Total,Malcolm,1830
2015,Landed Properties,Novena- Total,Moulmein,1280
2015,Landed Properties,Novena- Total,Mount Pleasant,640
2015,Landed Properties,Pasir Ris- Total,Flora Drive,3460
2015,Landed Properties,Pasir Ris- Total,Loyang East,1230
2015,Landed Properties,Pasir Ris- Total,Pasir Ris Central,370
2015,Landed Properties,Pasir Ris- Total,Pasir Ris Park,270
2015,Landed Properties,Pasir Ris- Total,Pasir Ris West,2150
2015,Landed Properties,Punggol- Total,Northshore,280
2015,Landed Properties,Queenstown- Total,Dover,40
2015,Landed Properties,Queenstown- Total,Holland Drive,10
2015,Landed Properties,Queenstown- Total,Kent Ridge,70
2015,Landed Properties,Queenstown- Total,Margaret Drive,10
2015,Landed Properties,Queenstown- Total,Mei Chin,220
2015,Landed Properties,Queenstown- Total,One North,40
2015,Landed Properties,Queenstown- Total,Pasir Panjang 1,1450
2015,Landed Properties,Queenstown- Total,Pasir Panjang 2,1770
2015,Landed Properties,Queenstown- Total,Port,100
2015,Landed Properties,Queenstown- Total,Queensway,20
2015,Landed Properties,River Valley- Total,Institution Hill,40
2015,Landed Properties,River Valley- Total,Leonie Hill,50
2015,Landed Properties,River Valley- Total,One Tree Hill,550
2015,Landed Properties,River Valley- Total,Oxley,140
2015,Landed Properties,River Valley- Total,Paterson,10
2015,Landed Properties,Rochor- Total,Farrer Park,30
2015,Landed Properties,Rochor- Total,Little India,30
2015,Landed Properties,Rochor- Total,Mount Emily,60
2015,Landed Properties,Rochor- Total,Selegie,30
2015,Landed Properties,Seletar- Total,Seletar,250
2015,Landed Properties,Sembawang- Total,Sembawang Springs,2010
2015,Landed Properties,Sembawang- Total,Sembawang Straits,1680
2015,Landed Properties,Sengkang- Total,Fernvale,1060
2015,Landed Properties,Sengkang- Total,Rivervale,260
2015,Landed Properties,Sengkang- Total,Sengkang Town Centre,250
2015,Landed Properties,Serangoon- Total,Lorong Chuan,4260
2015,Landed Properties,Serangoon- Total,Seletar Hills,11970
2015,Landed Properties,Serangoon- Total,Serangoon Central,1260
2015,Landed Properties,Serangoon- Total,Serangoon Garden,15090
2015,Landed Properties,Serangoon- Total,Upper Paya Lebar,2950
2015,Landed Properties,Southern Islands- Total,Sentosa,550
2015,Landed Properties,Sungei Kadut- Total,Turf Club,660
2015,Landed Properties,Tampines- Total,Simei,4120
2015,Landed Properties,Tampines- Total,Xilin,510
2015,Landed Properties,Tanglin- Total,Chatsworth,1000
2015,Landed Properties,Tanglin- Total,Nassim,1530
2015,Landed Properties,Tanglin- Total,Ridout,790
2015,Landed Properties,Tanglin- Total,Tyersall,840
2015,Landed Properties,Toa Payoh- Total,Joo Seng,1430
2015,Landed Properties,Toa Payoh- Total,Potong Pasir,60
2015,Landed Properties,Toa Payoh- Total,Sennett,4130
2015,Landed Properties,Toa Payoh- Total,Woodleigh,250
2015,Landed Properties,Woodlands- Total,Woodgrove,610
2015,Landed Properties,Yishun- Total,Lower Seletar,1100
2015,Landed Properties,Yishun- Total,Nee Soon,460
2015,Landed Properties,Yishun- Total,Springleaf,3730
2015,Others,Ang Mo Kio- Total,Ang Mo Kio Town Centre,40
2015,Others,Ang Mo Kio- Total,Cheng San,160
2015,Others,Ang Mo Kio- Total,Chong Boon,230
2015,Others,Ang Mo Kio- Total,Kebun Bahru,290
2015,Others,Ang Mo Kio- Total,Sembawang Hills,70
2015,Others,Ang Mo Kio- Total,Shangri-La,60
2015,Others,Ang Mo Kio- Total,Tagore,180
2015,Others,Ang Mo Kio- Total,Townsville,80
2015,Others,Ang Mo Kio- Total,Yio Chu Kang East,100
2015,Others,Ang Mo Kio- Total,Yio Chu Kang West,90
2015,Others,Bedok- Total,Bayshore,140
2015,Others,Bedok- Total,Bedok North,580
2015,Others,Bedok- Total,Bedok Reservoir,60
2015,Others,Bedok- Total,Bedok South,450
2015,Others,Bedok- Total,Frankel,650
2015,Others,Bedok- Total,Kaki Bukit,260
2015,Others,Bedok- Total,Kembangan,590
2015,Others,Bedok- Total,Siglap,110
2015,Others,Bishan- Total,Bishan East,170
2015,Others,Bishan- Total,Marymount,110
2015,Others,Bishan- Total,Upper Thomson,300
2015,Others,Bukit Batok- Total,Bukit Batok Central,60
2015,Others,Bukit Batok- Total,Bukit Batok East,140
2015,Others,Bukit Batok- Total,Bukit Batok South,40
2015,Others,Bukit Batok- Total,Bukit Batok West,60
2015,Others,Bukit Batok- Total,Gombak,90
2015,Others,Bukit Batok- Total,Guilin,40
2015,Others,Bukit Batok- Total,Hillview,160
2015,Others,Bukit Batok- Total,Hong Kah North,260
2015,Others,Bukit Merah- Total,Alexandra Hill,510
2015,Others,Bukit Merah- Total,Alexandra North,10
2015,Others,Bukit Merah- Total,Bukit Ho Swee,100
2015,Others,Bukit Merah- Total,Bukit Merah,40
2015,Others,Bukit Merah- Total,Everton Park,100
2015,Others,Bukit Merah- Total,Henderson Hill,40
2015,Others,Bukit Merah- Total,Kampong Tiong Bahru,190
2015,Others,Bukit Merah- Total,Maritime Square,160
2015,Others,Bukit Merah- Total,Redhill,120
2015,Others,Bukit Merah- Total,Telok Blangah Drive,60
2015,Others,Bukit Merah- Total,Telok Blangah Rise,90
2015,Others,Bukit Merah- Total,Telok Blangah Way,80
2015,Others,Bukit Merah- Total,Tiong Bahru,110
2015,Others,Bukit Merah- Total,Tiong Bahru Station,20
2015,Others,Bukit Panjang- Total,Bangkit,10
2015,Others,Bukit Panjang- Total,Dairy Farm,20
2015,Others,Bukit Panjang- Total,Jelebu,20
2015,Others,Bukit Panjang- Total,Nature Reserve,30
2015,Others,Bukit Panjang- Total,Senja,120
2015,Others,Bukit Timah- Total,Anak Bukit,270
2015,Others,Bukit Timah- Total,Coronation Road,280
2015,Others,Bukit Timah- Total,Farrer Court,70
2015,Others,Bukit Timah- Total,Hillcrest,160
2015,Others,Bukit Timah- Total,Holland Road,50
2015,Others,Bukit Timah- Total,Leedon Park,10
2015,Others,Bukit Timah- Total,Swiss Club,110
2015,Others,Bukit Timah- Total,Ulu Pandan,10
2015,Others,Changi- Total,Changi Point,170
2015,Others,Changi- Total,Changi West,1450
2015,Others,Choa Chu Kang- Total,Keat Hong,140
2015,Others,Choa Chu Kang- Total,Peng Siang,220
2015,Others,Choa Chu Kang- Total,Teck Whye,40
2015,Others,Choa Chu Kang- Total,Yew Tee,10
2015,Others,Clementi- Total,Clementi Central,290
2015,Others,Clementi- Total,Clementi North,390
2015,Others,Clementi- Total,Clementi West,100
2015,Others,Clementi- Total,Clementi Woods,440
2015,Others,Clementi- Total,Faber,70
2015,Others,Clementi- Total,Sunset Way,30
2015,Others,Clementi- Total,West Coast,10
2015,Others,Downtown Core- Total,Bugis,90
2015,Others,Downtown Core- Total,Cecil,40
2015,Others,Downtown Core- Total,Central Subzone,20
2015,Others,Downtown Core- Total,Tanjong Pagar,100
2015,Others,Geylang- Total,Aljunied,1290
2015,Others,Geylang- Total,Geylang East,530
2015,Others,Geylang- Total,Kampong Ubi,160
2015,Others,Geylang- Total,Macpherson,220
2015,Others,Hougang- Total,Hougang Central,40
2015,Others,Hougang- Total,Hougang East,20
2015,Others,Hougang- Total,Hougang West,320
2015,Others,Hougang- Total,Kangkar,120
2015,Others,Hougang- Total,Kovan,350
2015,Others,Hougang- Total,Lorong Ah Soo,280
2015,Others,Hougang- Total,Tai Seng,420
2015,Others,Hougang- Total,Trafalgar,2600
2015,Others,Jurong East- Total,Teban Gardens,30
2015,Others,Jurong East- Total,Yuhua East,140
2015,Others,Jurong East- Total,Yuhua West,180
2015,Others,Jurong West- Total,Boon Lay Place,50
2015,Others,Jurong West- Total,Hong Kah,140
2015,Others,Jurong West- Total,Taman Jurong,50
2015,Others,Jurong West- Total,Wenya,10
2015,Others,Jurong West- Total,Yunnan,50
2015,Others,Kallang- Total,Bendemeer,480
2015,Others,Kallang- Total,Boon Keng,60
2015,Others,Kallang- Total,Crawford,120
2015,Others,Kallang- Total,Geylang Bahru,100
2015,Others,Kallang- Total,Kampong Bugis,20
2015,Others,Kallang- Total,Kampong Java,140
2015,Others,Kallang- Total,Lavender,550
2015,Others,Kallang- Total,Tanjong Rhu,150
2015,Others,Mandai- Total,Mandai Estate,90
2015,Others,Marine Parade- Total,Katong,320
2015,Others,Marine Parade- Total,Marine Parade,120
2015,Others,Marine Parade- Total,Mountbatten,110
2015,Others,Museum- Total,Dhoby Ghaut,10
2015,Others,Museum- Total,Fort Canning,10
2015,Others,Newton- Total,Cairnhill,150
2015,Others,Newton- Total,Goodwood Park,50
2015,Others,Newton- Total,Monk's Hill,20
2015,Others,Novena- Total,Balestier,900
2015,Others,Novena- Total,Dunearn,20
2015,Others,Novena- Total,Malcolm,80
2015,Others,Novena- Total,Moulmein,110
2015,Others,Novena- Total,Mount Pleasant,10
2015,Others,Orchard- Total,Boulevard,60
2015,Others,Orchard- Total,Somerset,20
2015,Others,Orchard- Total,Tanglin,10
2015,Others,Outram- Total,China Square,10
2015,Others,Outram- Total,Chinatown,280
2015,Others,Outram- Total,Pearl's Hill,270
2015,Others,Outram- Total,People's Park,10
2015,Others,Pasir Ris- Total,Flora Drive,390
2015,Others,Pasir Ris- Total,Loyang East,20
2015,Others,Pasir Ris- Total,Loyang West,200
2015,Others,Pasir Ris- Total,Pasir Ris Drive,10
2015,Others,Pasir Ris- Total,Pasir Ris Park,10
2015,Others,Pasir Ris- Total,Pasir Ris West,10
2015,Others,Punggol- Total,Matilda,10
2015,Others,Punggol- Total,Northshore,10
2015,Others,Punggol- Total,Punggol Field,230
2015,Others,Punggol- Total,Punggol Town Centre,10
2015,Others,Queenstown- Total,Commonwealth,30
2015,Others,Queenstown- Total,Dover,190
2015,Others,Queenstown- Total,Ghim Moh,50
2015,Others,Queenstown- Total,Holland Drive,60
2015,Others,Queenstown- Total,Kent Ridge,10
2015,Others,Queenstown- Total,Margaret Drive,20
2015,Others,Queenstown- Total,Mei Chin,160
2015,Others,Queenstown- Total,National University of S'pore,360
2015,Others,Queenstown- Total,One North,30
2015,Others,Queenstown- Total,Pasir Panjang 1,80
2015,Others,Queenstown- Total,Pasir Panjang 2,60
2015,Others,Queenstown- Total,Port,20
2015,Others,Queenstown- Total,Queensway,10
2015,Others,Queenstown- Total,Singapore Polytechnic,160
2015,Others,Queenstown- Total,Tanglin Halt,50
2015,Others,River Valley- Total,Institution Hill,20
2015,Others,River Valley- Total,Leonie Hill,50
2015,Others,River Valley- Total,Oxley,40
2015,Others,Rochor- Total,Bencoolen,70
2015,Others,Rochor- Total,Farrer Park,290
2015,Others,Rochor- Total,Kampong Glam,150
2015,Others,Rochor- Total,Little India,400
2015,Others,Rochor- Total,Mackenzie,10
2015,Others,Rochor- Total,Mount Emily,40
2015,Others,Rochor- Total,Selegie,20
2015,Others,Rochor- Total,Sungei Road,30
2015,Others,Rochor- Total,Victoria,50
2015,Others,Sembawang- Total,Admiralty,20
2015,Others,Sembawang- Total,Sembawang Central,180
2015,Others,Sembawang- Total,Sembawang North,20
2015,Others,Sembawang- Total,Sembawang Springs,320
2015,Others,Sengkang- Total,Compassvale,20
2015,Others,Sengkang- Total,Fernvale,360
2015,Others,Sengkang- Total,Sengkang Town Centre,100
2015,Others,Serangoon- Total,Lorong Chuan,170
2015,Others,Serangoon- Total,Seletar Hills,60
2015,Others,Serangoon- Total,Serangoon Central,120
2015,Others,Serangoon- Total,Serangoon Garden,620
2015,Others,Serangoon- Total,Serangoon North,10
2015,Others,Serangoon- Total,Upper Paya Lebar,130
2015,Others,Singapore River- Total,Boat Quay,60
2015,Others,Singapore River- Total,Clarke Quay,80
2015,Others,Singapore River- Total,Robertson Quay,30
2015,Others,Southern Islands- Total,Sentosa,40
2015,Others,Sungei Kadut- Total,Gali Batu,130
2015,Others,Tampines- Total,Simei,280
2015,Others,Tampines- Total,Tampines East,530
2015,Others,Tampines- Total,Tampines West,390
2015,Others,Tampines- Total,Xilin,30
2015,Others,Tanglin- Total,Chatsworth,140
2015,Others,Tanglin- Total,Nassim,110
2015,Others,Tanglin- Total,Ridout,40
2015,Others,Tanglin- Total,Tyersall,20
2015,Others,Toa Payoh- Total,Boon Teck,300
2015,Others,Toa Payoh- Total,Braddell,50
2015,Others,Toa Payoh- Total,Joo Seng,170
2015,Others,Toa Payoh- Total,Kim Keat,60
2015,Others,Toa Payoh- Total,Lorong 8 Toa Payoh,70
2015,Others,Toa Payoh- Total,Pei Chun,110
2015,Others,Toa Payoh- Total,Potong Pasir,110
2015,Others,Toa Payoh- Total,Sennett,230
2015,Others,Toa Payoh- Total,Toa Payoh Central,190
2015,Others,Toa Payoh- Total,Toa Payoh West,330
2015,Others,Toa Payoh- Total,Woodleigh,70
2015,Others,Western Water Catchment- Total,Western Water Catchment,900
2015,Others,Woodlands- Total,Midview,220
2015,Others,Woodlands- Total,North Coast,50
2015,Others,Woodlands- Total,Woodgrove,330
2015,Others,Woodlands- Total,Woodlands East,20
2015,Others,Woodlands- Total,Woodlands South,60
2015,Others,Woodlands- Total,Woodlands West,270
2015,Others,Yishun- Total,Khatib,30
2015,Others,Yishun- Total,Nee Soon,10
2015,Others,Yishun- Total,Northland,100
2015,Others,Yishun- Total,Springleaf,50
2015,Others,Yishun- Total,Yishun East,10
2015,Others,Yishun- Total,Yishun South,250
2015,Others,Yishun- Total,Yishun West,500
